id,date,sender,place,geo_sender,recipient,place,geo_recipient
"desc004/1008","1622-05-22","Descartes, René (1596-1650)","?",,"Descartes, Joachim (1563-1640)","?",
"desc004/1009","1623-03-21","Descartes, René (1596-1650)","[Paris (fr)]","48.8566969, 2.3514616","Descartes, Pierre (1591-1660)","?",
"desc004/1010","1625-06-24","Descartes, René (1596-1650)","Poitiers (fr)","46.5802596, 0.340196","Descartes, Joachim (1563-1640)","?",
"desc004/1015","1629-07-18","Descartes, René (1596-1650)","[Franeker (nl)]","53.1886564, 5.5414628","Gibieuf, Guillaume (1591-1650)","Paris (fr)","48.8566969, 2.3514616"
"desc004/1017","1629-10-08","Descartes, René (1596-1650)","[Amsterdam (nl)]","52.3727598, 4.8936041","Mersenne, Marin (1588-1648)","Paris (fr)","48.8566969, 2.3514616"
"desc004/1023","1629-12-18","Descartes, René (1596-1650)","Amsterdam (nl)","52.3727598, 4.8936041","Mersenne, Marin (1588-1648)","Paris (fr)","48.8566969, 2.3514616"
"desc004/1024","1630-01","Descartes, René (1596-1650)","Amsterdam (nl)","52.3727598, 4.8936041","Mersenne, Marin (1588-1648)","Paris (fr)","48.8566969, 2.3514616"
"desc004/1027","1630-03-18","Descartes, René (1596-1650)","[Amsterdam (nl)]","52.3727598, 4.8936041","Mersenne, Marin (1588-1648)","[Paris (fr)]","48.8566969, 2.3514616"
"desc004/1028","1630-04-15","Descartes, René (1596-1650)","Amsterdam (nl)","52.3727598, 4.8936041","Mersenne, Marin (1588-1648)","Paris (fr)","48.8566969, 2.3514616"
"desc004/1035","1630-12-02","Descartes, René (1596-1650)","[Amsterdam (nl)]","52.3727598, 4.8936041","Ferrier, Jean (fl. 1630)","[Paris (fr)]","48.8566969, 2.3514616"
"desc004/1038","1630-12-23","Descartes, René (1596-1650)","Amsterdam (nl)","52.3727598, 4.8936041","Mersenne, Marin (1588-1648)","[Paris (fr)]","48.8566969, 2.3514616"
"desc004/1039","1631-04-15","Descartes, René (1596-1650)","Amsterdam (nl)","52.3727598, 4.8936041","Balzac, Jean Louis Guez de (1597-1654)","[Paris (fr)]","48.8566969, 2.3514616"
"desc004/1040","1631-04-25","Balzac, Jean Louis Guez de (1597-1654)","Paris (fr)","48.8566969, 2.3514616","Descartes, René (1596-1650)","[Amsterdam (nl)]","52.3727598, 4.8936041"
"desc004/1044","1631-05/1631-08","Descartes, René (1596-1650)","Amsterdam (nl)","52.3727598, 4.8936041","Villebressieu, Étienne de (fl. 1626-1656)","?",
"desc004/1043","1631-05/1631-08","Villebressieu, Étienne de (fl. 1626-1656)","?",,"Descartes, René (1596-1650)","[Amsterdam (nl)]",
"desc004/1045","1631-10","Descartes, René (1596-1650)","Amsterdam (nl)","52.3727598, 4.8936041","Mersenne, Marin (1588-1648)","[Paris (fr)]","48.8566969, 2.3514616"
"desc004/1047","1632-01","Descartes, René (1596-1650)","Amsterdam (nl)","52.3727598, 4.8936041","Golius, Jacobus (1596-1667)","[Leiden (nl)]","52.1518157, 4.4811088666204295"
"desc004/1048","1632-02-02","Descartes, René (1596-1650)","Amsterdam (nl)","52.3727598, 4.8936041","Golius, Jacobus (1596-1667)","Leiden (nl)","52.1518157, 4.4811088666204295"
"desc004/1049","1632-04-05","Descartes, René (1596-1650)","Amsterdam (nl)","52.3727598, 4.8936041","Mersenne, Marin (1588-1648)","[Paris (fr)]","48.8566969, 2.3514616"
"desc004/1052","1632-05-23","Descartes, René (1596-1650)","Amsterdam (nl)","52.3727598, 4.8936041","Leu de Wilhem, David le (1588-1658)","Den Haag (nl)","52.0799838, 4.3113461"
"desc004/1053","1632-06","Descartes, René (1596-1650)","Deventer (nl)","52.2695736, 6.236339604766698","Mersenne, Marin (1588-1648)","[Paris (fr)]","48.8566969, 2.3514616"
"huyg001/0683","1632-06-04","Leu de Wilhem, David le (1588-1658)","Den Haag (nl)","52.0799838, 4.3113461","Huygens, Constantijn (1596-1687)","[Venlo (nl)]","51.39244885, 6.1511724144122955"
"huyg001/0712","1632-09-19","Huygens, Constantijn (1596-1687)","[Maastricht (nl)]","50.85798545, 5.6969881818221095","Leu de Wilhem, David le (1588-1658)","[Den Haag (nl)]","52.0799838, 4.3113461"
"huyg001/0722","1632-10-21","Huygens, Constantijn (1596-1687)","Maastricht (nl)","50.85798545, 5.6969881818221095","Golius, Jacobus (1596-1667)","[Leiden (nl)]","52.1518157, 4.4811088666204295"
"desc004/1055","1632-11/1632-12","Descartes, René (1596-1650)","Deventer (nl)","52.2695736, 6.236339604766698","Mersenne, Marin (1588-1648)","[Paris (fr)]","48.8566969, 2.3514616"
"desc004/1056","1633-02-07","Descartes, René (1596-1650)","Deventer (nl)","52.2695736, 6.236339604766698","Leu de Wilhem, David le (1588-1658)","Den Haag (nl)","52.0799838, 4.3113461"
"desc004/1057","1633-07-22","Descartes, René (1596-1650)","Deventer (nl)","52.2695736, 6.236339604766698","Mersenne, Marin (1588-1648)","Paris (fr)","48.8566969, 2.3514616"
"desc004/1059","1633-12-12","Descartes, René (1596-1650)","Amsterdam (nl)","52.3727598, 4.8936041","Leu de Wilhem, David le (1588-1658)","Den Haag (nl)","52.0799838, 4.3113461"
"desc004/1063","1634-05-15","Descartes, René (1596-1650)","Amsterdam (nl)","52.3727598, 4.8936041","Mersenne, Marin (1588-1648)","Paris (fr)","48.8566969, 2.3514616"
"desc004/1064","1634-07-02","Descartes, René (1596-1650)","Amsterdam (nl)","52.3727598, 4.8936041","Reneri, Henricus (1593-1639)","Utrecht (nl)","52.080985600000005, 5.12768396945229"
"desc004/1065","1634-08-14","Descartes, René (1596-1650)","Amsterdam (nl)","52.3727598, 4.8936041","Mersenne, Marin (1588-1648)","[Paris (fr)]","48.8566969, 2.3514616"
"huyg001/1109","1635-04-14","Reneri, Henricus (1593-1639)","Utrecht (nl)","52.080985600000005, 5.12768396945229","Huygens, Constantijn (1596-1687)","[Den Haag (nl)]","52.0799838, 4.3113461"
"desc004/1068","1635-04-16","Descartes, René (1596-1650)","Utrecht (nl)","52.080985600000005, 5.12768396945229","Golius, Jacobus (1596-1667)","Leiden (nl)","52.1518157, 4.4811088666204295"
"desc004/1069","1635-04-25","Descartes, René (1596-1650)","Utrecht (nl)","52.080985600000005, 5.12768396945229","Huygens, Constantijn (1596-1687)","Den Haag (nl)","52.0799838, 4.3113461"
"desc004/1071","1635-05-19","Descartes, René (1596-1650)","Utrecht (nl)","52.080985600000005, 5.12768396945229","Golius, Jacobus (1596-1667)","Leiden (nl)","52.1518157, 4.4811088666204295"
"desc004/1074","1635-11-01","Descartes, René (1596-1650)","Utrecht (nl)","52.080985600000005, 5.12768396945229","Huygens, Constantijn (1596-1687)","[Pannerden (nl)]","51.8905258, 6.0367585"
"desc004/1076","1635-12-08","Descartes, René (1596-1650)","Utrecht (nl)","52.080985600000005, 5.12768396945229","Huygens, Constantijn (1596-1687)","[Arnhem (nl)]","51.984257, 5.9108573"
"desc004/1077","1635-12-11","Descartes, René (1596-1650)","Utrecht (nl)","52.080985600000005, 5.12768396945229","Huygens, Constantijn (1596-1687)","Pannerden (nl)","51.8905258, 6.0367585"
"desc004/1079","1636-03-28","Descartes, René (1596-1650)","Leiden (nl)","52.1518157, 4.4811088666204295","Huygens, Constantijn (1596-1687)","Den Haag (nl)","52.0799838, 4.3113461"
"desc004/1081","1636-03-31","Descartes, René (1596-1650)","Leiden (nl)","52.1518157, 4.4811088666204295","Huygens, Constantijn (1596-1687)","[Den Haag (nl)]","52.0799838, 4.3113461"
"desc004/1082","1636-06-11","Descartes, René (1596-1650)","Leiden (nl)","52.1518157, 4.4811088666204295","Huygens, Constantijn (1596-1687)","Den Haag (nl)","52.0799838, 4.3113461"
"desc004/1085","1636-07-13","Descartes, René (1596-1650)","Leiden (nl)","52.1518157, 4.4811088666204295","Huygens, Constantijn (1596-1687)","Den Haag (nl)","52.0799838, 4.3113461"
"huyg001/1407","1636-07-16","Mory, Abraham de (-1645)","Den Haag (nl)","52.0799838, 4.3113461","Huygens, Constantijn (1596-1687)","[Amsterdam (nl)]","52.3727598, 4.8936041"
"desc004/1087","1636-10-30","Descartes, René (1596-1650)","Leiden (nl)","52.1518157, 4.4811088666204295","Huygens, Constantijn (1596-1687)","[Den Haag (nl)]","52.0799838, 4.3113461"
"desc004/1088","1637-01-01","Descartes, René (1596-1650)","Leiden (nl)","52.1518157, 4.4811088666204295","Huygens, Constantijn (1596-1687)","[Den Haag (nl)]","52.0799838, 4.3113461"
"desc004/1089","1637-01-05","Huygens, Constantijn (1596-1687)","Den Haag (nl)","52.0799838, 4.3113461","Descartes, René (1596-1650)","[Leiden (nl)]","52.1518157, 4.4811088666204295"
"desc004/1092","1637-02-25","Descartes, René (1596-1650)","Leiden (nl)","52.1518157, 4.4811088666204295","Huygens, Constantijn (1596-1687)","Den Haag (nl)","52.0799838, 4.3113461"
"desc004/1093ter","1637-03-03","Descartes, René (1596-1650)","Leiden (nl)","52.1518157, 4.4811088666204295","Huygens, Constantijn (1596-1687)","Den Haag (nl)","52.0799838, 4.3113461"
"desc004/1094","1637-03-22","Descartes, René (1596-1650)","Leiden (nl)","52.1518157, 4.4811088666204295","Huygens, Constantijn (1596-1687)","Den Haag (nl)","52.0799838, 4.3113461"
"desc004/1096","1637-03-29","Descartes, René (1596-1650)","Leiden (nl)","52.1518157, 4.4811088666204295","Huygens, Constantijn (1596-1687)","Den Haag (nl)","52.0799838, 4.3113461"
"desc004/1098","1637-04/1637-05","Fermat, Pierre de (1601-1665)","Toulouse (fr)","43.6044622, 1.4442469","Mersenne, Marin (1588-1648)","[Paris (fr)]","48.8566969, 2.3514616"
"desc004/1097","1637-04-20","Descartes, René (1596-1650)","Leiden (nl)","52.1518157, 4.4811088666204295","Huygens, Constantijn (1596-1687)","Den Haag (nl)","52.0799838, 4.3113461"
"desc004/1099","1637-05-20","Descartes, René (1596-1650)","Alkmaar (nl)","52.600853799999996, 4.817099446443963","Huygens, Constantijn (1596-1687)","Den Haag (nl)","52.0799838, 4.3113461"
"desc004/1107","1637-06-12","Descartes, René (1596-1650)","[Leiden (nl)]","52.1518157, 4.4811088666204295","Huygens, Constantijn (1596-1687)","Den Haag (nl)","52.0799838, 4.3113461"
"desc004/1109","1637-06-12","Descartes, René (1596-1650)","Leiden (nl)","52.1518157, 4.4811088666204295","Huygens, Constantijn (1596-1687)","Den Haag (nl)","52.0799838, 4.3113461"
"desc004/1112","1637-06-14","Descartes, René (1596-1650)","Leiden (nl)","52.1518157, 4.4811088666204295","Fournet, François (1581-1638)","[Lille (fr)]","50.6365654, 3.0635282"
"desc004/1111","1637-06-14","Descartes, René (1596-1650)","Leiden (nl)","52.1518157, 4.4811088666204295","Balzac, Jean Louis Guez de (1597-1654)","?",
"desc004/1110","1637-06-14","Descartes, René (1596-1650)","Leiden (nl)","52.1518157, 4.4811088666204295","Colvius, Andreas (1594-1671)","Dordrecht (nl)","51.7958812, 4.6779351"
"desc004/1114","1637-07-05","Descartes, René (1596-1650)","Alkmaar (nl)","52.600853799999996, 4.817099446443963","Huygens, Constantijn (1596-1687)","Den Haag (nl)","52.0799838, 4.3113461"
"huyg001/1643","1637-08-17","Surck, Anthonis van (1606-1666)","Amsterdam (nl)","52.3727598, 4.8936041","Huygens, Constantijn (1596-1687)","[Breda, Ginneken (nl)]","51.5827912, 4.7767624"
"desc004/1115","1637-08-30","Descartes, René (1596-1650)","[Alkmaar (nl)]","52.600853799999996, 4.817099446443963","?","?",
"desc004/2119","1637-10-03","Descartes, René (1596-1650)","[Alkmaar (nl)]","52.600853799999996, 4.817099446443963","Plempius, Vopiscus Fortunatus (1601-1671)","Leuven (be)","50.879202, 4.7011675"
"desc004/2123","1637-10-05","Descartes, René (1596-1650)","[Alkmaar (nl)]","52.600853799999996, 4.817099446443963","Mersenne, Marin (1588-1648)","[Paris (fr)]","48.8566969, 2.3514616"
"desc004/2122","1637-10-05","Descartes, René (1596-1650)","[Alkmaar (nl)]","52.600853799999996, 4.817099446443963","Huygens, Constantijn (1596-1687)","[Breda, Ginneken (nl)]","51.5827912, 4.7767624"
"desc004/2126","1637-11","Fermat, Pierre de (1601-1665)","Toulouse (fr)","43.6044622, 1.4442469","Mersenne, Marin (1588-1648)","[Paris (fr)]","48.8566969, 2.3514616"
"desc004/2129","1637-12","Descartes, René (1596-1650)","[Alkmaar (nl)]","52.600853799999996, 4.817099446443963","Mersenne, Marin (1588-1648)","[Paris (fr)]","48.8566969, 2.3514616"
"desc004/2127","1637-12-04","Descartes, René (1596-1650)","?",,"Huygens, Constantijn (1596-1687)","Den Haag (nl)",
"desc004/2130","1638-01","Descartes, René (1596-1650)","[Alkmaar (nl)]","52.600853799999996, 4.817099446443963","Mersenne, Marin (1588-1648)","[Paris (fr)]","48.8566969, 2.3514616"
"huyg001/1792","1638","Pollotti, Alfonso (1603-1668)","?",,"Huygens, Constantijn (1596-1687)","?",
"desc004/2143","1638-02/1638-03","Descartes, René (1596-1650)","[Alkmaar (nl)]","52.600853799999996, 4.817099446443963","Haestrecht, Godefridus van (1593-1659)","[Utrecht (nl)]","52.080985600000005, 5.12768396945229"
"desc004/2136","1638-02","Pollotti, Alfonso (1603-1668)","Den Haag (nl)","52.0799838, 4.3113461","Descartes, René (1596-1650)","?",
"desc004/2137","1638-02-08","Descartes, René (1596-1650)","[Alkmaar (nl)]","52.600853799999996, 4.817099446443963","Huygens, Constantijn (1596-1687)","[Den Haag (nl)]","52.0799838, 4.3113461"
"desc004/2138","1638-02-12","Descartes, René (1596-1650)","[Alkmaar (nl)]","52.600853799999996, 4.817099446443963","Pollotti, Alfonso (1603-1668)","[Den Haag (nl)]","52.0799838, 4.3113461"
"desc004/2139","1638-02-15","Descartes, René (1596-1650)","[Alkmaar (nl)]","52.600853799999996, 4.817099446443963","Plempius, Vopiscus Fortunatus (1601-1671)","[Leuven (be)]","50.879202, 4.7011675"
"desc004/2142","1638-02-22","Descartes, René (1596-1650)","?",,"Deriennes, Jean (1591-1662)","?",
"desc004/2146","1638-03-01","Descartes, René (1596-1650)","[Alkmaar (nl)]","52.600853799999996, 4.817099446443963","Mersenne, Marin (1588-1648)","Paris (fr)","48.8566969, 2.3514616"
"desc004/2147bis","1638-03/1638-04","Descartes, René (1596-1650)","?",,"Huygens, Constantijn (1596-1687)","?",
"desc004/2147","1638-03-09","Descartes, René (1596-1650)","[Alkmaar (nl)]","52.600853799999996, 4.817099446443963","Huygens, Constantijn (1596-1687)","Den Haag (nl)","52.0799838, 4.3113461"
"desc004/2151","1638-03-23","Descartes, René (1596-1650)","?",,"Ciermans, Johannes (1602-1648)","[Leuven (be)]",
"desc004/2150","1638-03-23","Descartes, René (1596-1650)","?",,"Plempius, Vopiscus Fortunatus (1601-1671)","[Leuven (be)]",
"desc004/2152","1638-03-31","Descartes, René (1596-1650)","?",,"Mersenne, Marin (1588-1648)","[Paris (fr)]",
"desc004/2153","1638-04","Roberval, Gilles Personne de (1602-1675)","Paris (fr)","48.8566969, 2.3514616","Descartes, René (1596-1650)","?",
"desc004/2154","1638-04/1638-05","Descartes, René (1596-1650)","[Santpoort (nl)]","52.4193488, 4.6314176","Pollotti, Alfonso (1603-1668)","[Utrecht (nl)]","52.080985600000005, 5.12768396945229"
"desc004/2156","1638-05-03","Descartes, René (1596-1650)","[Santpoort (nl)]","52.4193488, 4.6314176","Mersenne, Marin (1588-1648)","Paris (fr)","48.8566969, 2.3514616"
"desc004/2158","1638-05-24","Descartes, René (1596-1650)","[Santpoort (nl)]","52.4193488, 4.6314176","Mersenne, Marin (1588-1648)","[Paris (fr)]","48.8566969, 2.3514616"
"desc004/2161","1638-06","Descartes, René (1596-1650)","[Santpoort (nl)]","52.4193488, 4.6314176","Huygens, Constantijn (1596-1687)","Heerewaarden, Fort Voorne (nl)","51.825548749999996, 5.409860880353969"
"huyg001/1841","1638-06-05","Leu de Wilhem, David le (1588-1658)","Den Haag (nl)","52.0799838, 4.3113461","Huygens, Constantijn (1596-1687)","[Heerewaarden, Fort Voorne (nl)]","51.825548749999996, 5.409860880353969"
"huyg001/1860","1638-06-25","Huygens, Constantijn (1596-1687)","Bergen op Zoom (nl)","51.4965864, 4.289740797263708","Puteanus, Erycius (1574-1646)","[Leuven (be)]","50.879202, 4.7011675"
"huyg001/1867","1638-06-30","Huygens, Constantijn (1596-1687)","Bergen op Zoom, Noordgeest (nl)",,"Heinsius, Daniël (1580-1655)","[Leiden (nl)]",
"desc004/3171","1638-08-18","Regius, Henricus (1598-1679)","[Utrecht (nl)]","52.080985600000005, 5.12768396945229","Descartes, René (1596-1650)","[Santpoort (nl)]","52.4193488, 4.6314176"
"desc004/3172bis","1638-08-19","Descartes, René (1596-1650)","[Santpoort (nl)]","52.4193488, 4.6314176","Huygens, Constantijn (1596-1687)","[Bergen op Zoom (nl)]","51.4965864, 4.289740797263708"
"desc004/3173","1638-08-20","Descartes, René (1596-1650)","?",,"Reneri, Henricus (1593-1639)","?",
"desc004/3176","1638-09-12","Descartes, René (1596-1650)","[Santpoort (nl)]","52.4193488, 4.6314176","Mersenne, Marin (1588-1648)","[Paris (fr)]","48.8566969, 2.3514616"
"desc004/3188","1638-11/1639-02","Descartes, René (1596-1650)","[Santpoort (nl)]","52.4193488, 4.6314176","Schooten, Frans van (1615-1660)","?",
"desc004/3183","1638-11-13","Beaune, Florimond de (1601-1652)","Blois (fr)","47.5876861, 1.3337639","Mersenne, Marin (1588-1648)","Paris (fr)","48.8566969, 2.3514616"
"desc004/3186","1638-12","Descartes, René (1596-1650)","[Santpoort (nl)]","52.4193488, 4.6314176","Huygens, Constantijn (1596-1687)","[Bergen op Zoom (nl)]","51.4965864, 4.289740797263708"
"huyg001/2009","1638-12-14","Puteanus, Erycius (1574-1646)","Leuven (be)","50.879202, 4.7011675","Huygens, Constantijn (1596-1687)","[Den Haag (nl)]","52.0799838, 4.3113461"
"huyg001/2014","1638-12-23","Huygens, Constantijn (1596-1687)","[Den Haag (nl)]","52.0799838, 4.3113461","Puteanus, Erycius (1574-1646)","[Leuven (be)]","50.879202, 4.7011675"
"desc004/3190","1639-01-09","Descartes, René (1596-1650)","[Santpoort (nl)]","52.4193488, 4.6314176","Mersenne, Marin (1588-1648)","[Paris (fr)]","48.8566969, 2.3514616"
"desc004/3191","1639-01-29","Descartes, René (1596-1650)","Santpoort (nl)","52.4193488, 4.6314176","Huygens, Constantijn (1596-1687)","?",
"desc004/3192","1639-02-09","Descartes, René (1596-1650)","[Santpoort (nl)]","52.4193488, 4.6314176","Mersenne, Marin (1588-1648)","[Paris (fr)]","48.8566969, 2.3514616"
"desc004/3193","1639-02-20","Descartes, René (1596-1650)","[Santpoort (nl)]","52.4193488, 4.6314176","Beaune, Florimond de (1601-1652)","?",
"desc004/3196","1639-03-19","Regius, Henricus (1598-1679)","Utrecht (nl)","52.080985600000005, 5.12768396945229","Descartes, René (1596-1650)","[Santpoort (nl)]","52.4193488, 4.6314176"
"desc004/3197","1639-04-03","Beaune, Florimond de (1601-1652)","Blois (fr)","47.5876861, 1.3337639","Mersenne, Marin (1588-1648)","[Paris (fr)]","48.8566969, 2.3514616"
"desc004/3198","1639-04-30","Descartes, René (1596-1650)","[Santpoort (nl)]","52.4193488, 4.6314176","Mersenne, Marin (1588-1648)","Paris (fr)","48.8566969, 2.3514616"
"desc004/3200","1639-05-06","Descartes, René (1596-1650)","Santpoort (nl)","52.4193488, 4.6314176","Huygens, Constantijn (1596-1687)","[Den Haag (nl)]","52.0799838, 4.3113461"
"desc004/3203","1639-05-17","Regius, Henricus (1598-1679)","Utrecht (nl)","52.080985600000005, 5.12768396945229","Descartes, René (1596-1650)","[Santpoort (nl)]","52.4193488, 4.6314176"
"desc004/3205","1639-06-06","Descartes, René (1596-1650)","Santpoort (nl)","52.4193488, 4.6314176","Huygens, Constantijn (1596-1687)","[Heerewaarden, Fort Voorne (nl)]","51.825548749999996, 5.409860880353969"
"desc004/3207","1639-06-19","Descartes, René (1596-1650)","[Santpoort (nl)]","52.4193488, 4.6314176","Mersenne, Marin (1588-1648)","Paris (fr)","48.8566969, 2.3514616"
"desc004/3208","1639-07-14","Regius, Henricus (1598-1679)","Utrecht (nl)","52.080985600000005, 5.12768396945229","Descartes, René (1596-1650)","[Santpoort (nl)]","52.4193488, 4.6314176"
"huyg001/2215","1639-08-26","Huygens, Constantijn (1596-1687)","Rheinberg (de)","51.5458979, 6.6014097","Mersenne, Marin (1588-1648)","[Paris (fr)]","48.8566969, 2.3514616"
"desc004/3209","1639-08-27","Descartes, René (1596-1650)","[Santpoort (nl)]","52.4193488, 4.6314176","Mersenne, Marin (1588-1648)","Paris (fr)","48.8566969, 2.3514616"
"desc004/3213","1639-10/1639-11","Regius, Henricus (1598-1679)","Utrecht (nl)","52.080985600000005, 5.12768396945229","Descartes, René (1596-1650)","[Santpoort (nl)]","52.4193488, 4.6314176"
"desc004/3212","1639-10-16","Descartes, René (1596-1650)","[Santpoort (nl)]","52.4193488, 4.6314176","Mersenne, Marin (1588-1648)","Paris (fr)","48.8566969, 2.3514616"
"desc004/3218bis","1639-11/1639-12","Verweij (fl. 1639)","[Leiden (nl)]","52.1518157, 4.4811088666204295","?","?",
"desc004/3215","1639-11-17","Descartes, René (1596-1650)","Santpoort (nl)","52.4193488, 4.6314176","Huygens, Constantijn (1596-1687)","Den Haag (nl)","52.0799838, 4.3113461"
"desc004/3218","1639-11-26","Descartes, René (1596-1650)","[Santpoort (nl)]","52.4193488, 4.6314176","Surck, Anthonis van (1606-1666)","?",
"desc004/3217","1639-11-26","Descartes, René (1596-1650)","Santpoort (nl)","52.4193488, 4.6314176","Huygens, Constantijn (1596-1687)","Den Haag (nl)","52.0799838, 4.3113461"
"desc004/3216","1639-11-28","Saumaise, Claude de (1588-1653)","Leiden (nl)","52.1518157, 4.4811088666204295","Descartes, René (1596-1650)","?",
"desc004/3219","1639-12-03","Regius, Henricus (1598-1679)","[Utrecht (nl)]","52.080985600000005, 5.12768396945229","Descartes, René (1596-1650)","[Santpoort (nl)]","52.4193488, 4.6314176"
"desc004/3220","1639-12-12","Descartes, René (1596-1650)","Leiden (nl)","52.1518157, 4.4811088666204295","Huygens, Constantijn (1596-1687)","Den Haag (nl)","52.0799838, 4.3113461"
"desc004/3222","1639-12-17","Descartes, René (1596-1650)","Santpoort (nl)","52.4193488, 4.6314176","Huygens, Constantijn (1596-1687)","Den Haag (nl)","52.0799838, 4.3113461"
"desc004/3223","1639-12-20","Descartes, René (1596-1650)","[Santpoort (nl)]","52.4193488, 4.6314176","Surck, Anthonis van (1606-1666)","?",
"desc004/3224","1639-12-25","Descartes, René (1596-1650)","[Santpoort (nl)]","52.4193488, 4.6314176","Mersenne, Marin (1588-1648)","Paris (fr)","48.8566969, 2.3514616"
"desc004/4230","1640-01","Regius, Henricus (1598-1679)","Utrecht (nl)","52.080985600000005, 5.12768396945229","Descartes, René (1596-1650)","[Santpoort (nl)]","52.4193488, 4.6314176"
"desc004/4228","1640-01-03","Descartes, René (1596-1650)","Santpoort (nl)","52.4193488, 4.6314176","Huygens, Constantijn (1596-1687)","Den Haag (nl)","52.0799838, 4.3113461"
"desc004/4229","1640-01-08","Huygens, Constantijn (1596-1687)","Den Haag (nl)","52.0799838, 4.3113461","Descartes, René (1596-1650)","Santpoort (nl)","52.4193488, 4.6314176"
"desc004/4231","1640-01-29","Descartes, René (1596-1650)","[Santpoort (nl)]","52.4193488, 4.6314176","Mersenne, Marin (1588-1648)","Paris (fr)","48.8566969, 2.3514616"
"desc004/4232","1640-01-29","Descartes, René (1596-1650)","[Santpoort (nl)]","52.4193488, 4.6314176","Meyssonnier, Lazare (1611-1673)","[Lyon (fr)]","45.7578137, 4.8320114"
"desc004/4233","1640-02-01","Descartes, René (1596-1650)","?",,"Waessenaer, Jacobus van (1607-1682)","Utrecht (nl)",
"desc004/4234","1640-02-08","Descartes, René (1596-1650)","[Santpoort (nl)]","52.4193488, 4.6314176","Hogelande, Cornelis van (1590-1662)","[Leiden (nl)]","52.1518157, 4.4811088666204295"
"desc004/4235","1640-03-08","Huygens, Constantijn (1596-1687)","Den Haag (nl)","52.0799838, 4.3113461","Descartes, René (1596-1650)","[Santpoort (nl)]","52.4193488, 4.6314176"
"desc004/4236","1640-03-11","Descartes, René (1596-1650)","[Santpoort (nl)]","52.4193488, 4.6314176","Mersenne, Marin (1588-1648)","[Paris (fr)]","48.8566969, 2.3514616"
"desc004/4237","1640-03-12","Descartes, René (1596-1650)","Santpoort (nl)","52.4193488, 4.6314176","Huygens, Constantijn (1596-1687)","Den Haag (nl)","52.0799838, 4.3113461"
"desc004/4239","1640-04-03","Descartes, René (1596-1650)","[Leiden (nl)]","52.1518157, 4.4811088666204295","Golius, Jacobus (1596-1667)","Leiden (nl)","52.1518157, 4.4811088666204295"
"desc004/4241","1640-05-05","Regius, Henricus (1598-1679)","Utrecht (nl)","52.080985600000005, 5.12768396945229","Descartes, René (1596-1650)","[Leiden (nl)]","52.1518157, 4.4811088666204295"
"desc004/4242","1640-05-07","Descartes, René (1596-1650)","Leiden (nl)","52.1518157, 4.4811088666204295","Pollotti, Alfonso (1603-1668)","[Utrecht (nl)]","52.080985600000005, 5.12768396945229"
"desc004/4243","1640-05-24","Descartes, René (1596-1650)","Leiden (nl)","52.1518157, 4.4811088666204295","Regius, Henricus (1598-1679)","[Utrecht (nl)]","52.080985600000005, 5.12768396945229"
"desc004/4244","1640-05-30","Regius, Henricus (1598-1679)","Utrecht (nl)","52.080985600000005, 5.12768396945229","Descartes, René (1596-1650)","[Leiden (nl)]","52.1518157, 4.4811088666204295"
"desc004/4245","1640-06-11","Descartes, René (1596-1650)","Leiden (nl)","52.1518157, 4.4811088666204295","Mersenne, Marin (1588-1648)","Paris (fr)","48.8566969, 2.3514616"
"desc004/4246","1640-06-13","Descartes, René (1596-1650)","Leiden (nl)","52.1518157, 4.4811088666204295","Leu de Wilhem, David le (1588-1658)","Den Haag (nl)","52.0799838, 4.3113461"
"desc004/4247","1640-06-24","Descartes, René (1596-1650)","Leiden (nl)","52.1518157, 4.4811088666204295","Leu de Wilhem, David le (1588-1658)","Den Haag (nl)","52.0799838, 4.3113461"
"desc004/4249","1640-07-22","Descartes, René (1596-1650)","Leiden (nl)","52.1518157, 4.4811088666204295","Hayneuve, Julien (1588-1663)","[Paris (fr)]","48.8566969, 2.3514616"
"desc004/4248","1640-07-22","Descartes, René (1596-1650)","Leiden (nl)","52.1518157, 4.4811088666204295","Mersenne, Marin (1588-1648)","[Paris (fr)]","48.8566969, 2.3514616"
"desc004/4250","1640-07-24","Huygens, Constantijn (1596-1687)","Reek (nl)","51.7466241, 5.6827761","Descartes, René (1596-1650)","Leiden (nl)","52.1518157, 4.4811088666204295"
"desc004/4251","1640-07-29","Descartes, René (1596-1650)","Leiden (nl)","52.1518157, 4.4811088666204295","Bourdin, Pierre (1595-1653)","Paris (fr)","48.8566969, 2.3514616"
"desc004/4252","1640-07-30","Descartes, René (1596-1650)","Leiden (nl)","52.1518157, 4.4811088666204295","Mersenne, Marin (1588-1648)","[Paris (fr)]","48.8566969, 2.3514616"
"desc004/4254","1640-07-31","Descartes, René (1596-1650)","Leiden (nl)","52.1518157, 4.4811088666204295","Huygens, Constantijn (1596-1687)","Rheinberg (de)","51.5458979, 6.6014097"
"desc004/4255","1640-08-06","Descartes, René (1596-1650)","Leiden (nl)","52.1518157, 4.4811088666204295","Mersenne, Marin (1588-1648)","Paris (fr)","48.8566969, 2.3514616"
"desc004/4257","1640-08-17","Descartes, René (1596-1650)","Leiden (nl)","52.1518157, 4.4811088666204295","Leu de Wilhem, David le (1588-1658)","Den Haag (nl)","52.0799838, 4.3113461"
"desc004/4258","1640-08-27","Descartes, René (1596-1650)","Leiden (nl)","52.1518157, 4.4811088666204295","Huygens, Constantijn (1596-1687)","[Grave (nl)]","51.74652665, 5.744929613858661"
"desc004/4260","1640-08-30","Descartes, René (1596-1650)","Leiden (nl)","52.1518157, 4.4811088666204295","Mersenne, Marin (1588-1648)","[Paris (fr)]","48.8566969, 2.3514616"
"desc004/4259","1640-08-30","Descartes, René (1596-1650)","Leiden (nl)","52.1518157, 4.4811088666204295","Mersenne, Marin (1588-1648)","[Paris (fr)]","48.8566969, 2.3514616"
"desc004/4261","1640-09-15","Descartes, René (1596-1650)","Leiden (nl)","52.1518157, 4.4811088666204295","Mersenne, Marin (1588-1648)","[Paris (fr)]","48.8566969, 2.3514616"
"desc004/4262","1640-09-30","Descartes, René (1596-1650)","Leiden (nl)","52.1518157, 4.4811088666204295","Mersenne, Marin (1588-1648)","[Paris (fr)]","48.8566969, 2.3514616"
"desc004/8263bis","1640-10-05","Descartes, René (1596-1650)","Leiden (nl)","52.1518157, 4.4811088666204295","Wicquefort, Joachim de (1600-1670)","Amsterdam (nl)","52.3727598, 4.8936041"
"desc004/4263","1640-10-05","Descartes, René (1596-1650)","Leiden (nl)","52.1518157, 4.4811088666204295","Leu de Wilhem, David le (1588-1658)","Den Haag (nl)","52.0799838, 4.3113461"
"desc004/4264","1640-10-07","Regius, Henricus (1598-1679)","Utrecht (nl)","52.080985600000005, 5.12768396945229","Descartes, René (1596-1650)","[Leiden (nl)]","52.1518157, 4.4811088666204295"
"desc004/4266","1640-10-28","Descartes, René (1596-1650)","Leiden (nl)","52.1518157, 4.4811088666204295","Mersenne, Marin (1588-1648)","[Paris (fr)]","48.8566969, 2.3514616"
"desc004/4267","1640-10-28","Descartes, René (1596-1650)","Leiden (nl)","52.1518157, 4.4811088666204295","Mersenne, Marin (1588-1648)","Paris (fr)","48.8566969, 2.3514616"
"desc004/4268","1640-10-28","Descartes, René (1596-1650)","Leiden (nl)","52.1518157, 4.4811088666204295","Descartes, Joachim (1563-1640)","?",
"desc004/4272","1640-11-11","Descartes, René (1596-1650)","Leiden (nl)","52.1518157, 4.4811088666204295","Gibieuf, Guillaume (1591-1650)","[Paris (fr)]","48.8566969, 2.3514616"
"desc004/4270","1640-11-11","Descartes, René (1596-1650)","[Leiden (nl)]","52.1518157, 4.4811088666204295","Huygens, Constantijn (1596-1687)","[Den Haag (nl)]","52.0799838, 4.3113461"
"desc004/4273","1640-11-11","Descartes, René (1596-1650)","Leiden (nl)","52.1518157, 4.4811088666204295","Mersenne, Marin (1588-1648)","[Paris (fr)]","48.8566969, 2.3514616"
"desc004/4274","1640-11-12","Descartes, René (1596-1650)","Leiden (nl)","52.1518157, 4.4811088666204295","Huygens, Constantijn (1596-1687)","[Den Haag (nl)]","52.0799838, 4.3113461"
"desc004/4275","1640-11-14","Descartes, René (1596-1650)","Leiden (nl)","52.1518157, 4.4811088666204295","Colvius, Andreas (1594-1671)","[Dordrecht (nl)]","51.7958812, 4.6779351"
"desc004/4278","1640-12-03","Descartes, René (1596-1650)","Leiden (nl)","52.1518157, 4.4811088666204295","Descartes, Pierre (1591-1660)","?",
"desc004/4281","1640-12-24","Descartes, René (1596-1650)","Leiden (nl)","52.1518157, 4.4811088666204295","Mersenne, Marin (1588-1648)","[Paris (fr)]","48.8566969, 2.3514616"
"desc004/4282","1640-12-31","Descartes, René (1596-1650)","Leiden (nl)","52.1518157, 4.4811088666204295","Mersenne, Marin (1588-1648)","[Paris (fr)]","48.8566969, 2.3514616"
"desc004/4285","1641-01-16","Descartes, René (1596-1650)","Leiden (nl)","52.1518157, 4.4811088666204295","Huygens, Constantijn (1596-1687)","Den Haag (nl)","52.0799838, 4.3113461"
"desc004/4286","1641-01-21","Descartes, René (1596-1650)","Leiden (nl)","52.1518157, 4.4811088666204295","Mersenne, Marin (1588-1648)","[Paris (fr)]","48.8566969, 2.3514616"
"desc004/4287","1641-01-21","Descartes, René (1596-1650)","Leiden (nl)","52.1518157, 4.4811088666204295","Hobbes, Thomas (1588-1679)","[Paris (fr)]","48.8566969, 2.3514616"
"desc004/4289","1641-02-07","Hobbes, Thomas (1588-1679)","Paris (fr)","48.8566969, 2.3514616","Descartes, René (1596-1650)","[Leiden (nl)]","52.1518157, 4.4811088666204295"
"desc004/4290","1641-02-18","Descartes, René (1596-1650)","Leiden (nl)","52.1518157, 4.4811088666204295","Hobbes, Thomas (1588-1679)","[Paris (fr)]","48.8566969, 2.3514616"
"desc004/4291","1641-03-04","Descartes, René (1596-1650)","Leiden (nl)","52.1518157, 4.4811088666204295","Mersenne, Marin (1588-1648)","[Paris (fr)]","48.8566969, 2.3514616"
"desc004/4292","1641-03-18","Descartes, René (1596-1650)","Leiden (nl)","52.1518157, 4.4811088666204295","Mersenne, Marin (1588-1648)","[Paris (fr)]","48.8566969, 2.3514616"
"desc004/4294","1641-03-31","Descartes, René (1596-1650)","Oegstgeest (nl)","52.1833669, 4.472129402976295","Mersenne, Marin (1588-1648)","[Paris (fr)]","48.8566969, 2.3514616"
"desc004/4297","1641-04","Descartes, René (1596-1650)","Oegstgeest (nl)","52.1833669, 4.472129402976295","Huygens, Constantijn (1596-1687)","Den Haag (nl)","52.0799838, 4.3113461"
"desc004/4298","1641-05-01","Regius, Henricus (1598-1679)","Utrecht (nl)","52.080985600000005, 5.12768396945229","Descartes, René (1596-1650)","[Oegstgeest (nl)]","52.1833669, 4.472129402976295"
"desc004/4303","1641-06-16","Descartes, René (1596-1650)","[Oegstgeest (nl)]","52.1833669, 4.472129402976295","Mersenne, Marin (1588-1648)","[Paris (fr)]","48.8566969, 2.3514616"
"huyg001/2743","1641-06-22","Leu de Wilhem, David le (1588-1658)","Den Haag (nl)","52.0799838, 4.3113461","Huygens, Constantijn (1596-1687)","[Oeffelt (nl)]","51.6985165, 5.9299991"
"desc004/4304","1641-06-23","Descartes, René (1596-1650)","Oegstgeest (nl)","52.1833669, 4.472129402976295","Mersenne, Marin (1588-1648)","[Paris (fr)]","48.8566969, 2.3514616"
"desc004/5308","1641-07-22","Descartes, René (1596-1650)","Oegstgeest (nl)","52.1833669, 4.472129402976295","Mersenne, Marin (1588-1648)","[Paris (fr)]","48.8566969, 2.3514616"
"desc004/5310","1641-07-29","Descartes, René (1596-1650)","Oegstgeest (nl)","52.1833669, 4.472129402976295","Huygens, Constantijn (1596-1687)","[Oeffelt (nl)]","51.6985165, 5.9299991"
"desc004/5312","1641-09","Descartes, René (1596-1650)","[Oegstgeest (nl)]","52.1833669, 4.472129402976295","Mersenne, Marin (1588-1648)","[Paris (fr)]","48.8566969, 2.3514616"
"desc004/5314","1641-11","Descartes, René (1596-1650)","Oegstgeest (nl)","52.1833669, 4.472129402976295","Regius, Henricus (1598-1679)","[Utrecht (nl)]","52.080985600000005, 5.12768396945229"
"desc004/5321","1641-12-22","Descartes, René (1596-1650)","Oegstgeest (nl)","52.1833669, 4.472129402976295","Mersenne, Marin (1588-1648)","[Paris (fr)]","48.8566969, 2.3514616"
"desc004/5320","1641-12-22","Descartes, René (1596-1650)","Oegstgeest (nl)","52.1833669, 4.472129402976295","Mersenne, Marin (1588-1648)","Paris (fr)","48.8566969, 2.3514616"
"desc004/5322","1641-12-28","Descartes, René (1596-1650)","Oegstgeest (nl)","52.1833669, 4.472129402976295","Descartes, Pierre (1591-1660)","?",
"desc004/5324","1642-01-19","Descartes, René (1596-1650)","Oegstgeest (nl)","52.1833669, 4.472129402976295","Mersenne, Marin (1588-1648)","[Paris (fr)]","48.8566969, 2.3514616"
"desc004/5328","1642-01-22","Descartes, René (1596-1650)","Oegstgeest (nl)","52.1833669, 4.472129402976295","Huygens, Constantijn (1596-1687)","Den Haag (nl)","52.0799838, 4.3113461"
"desc004/5326","1642-01-24","Regius, Henricus (1598-1679)","Utrecht (nl)","52.080985600000005, 5.12768396945229","Descartes, René (1596-1650)","[Oegstgeest (nl)]","52.1833669, 4.472129402976295"
"desc004/5329","1642-01-25","Huygens, Constantijn (1596-1687)","Den Haag (nl)","52.0799838, 4.3113461","Descartes, René (1596-1650)","Oegstgeest (nl)","52.1833669, 4.472129402976295"
"desc004/5330","1642-01-31","Descartes, René (1596-1650)","Oegstgeest (nl)","52.1833669, 4.472129402976295","Huygens, Constantijn (1596-1687)","[Den Haag (nl)]","52.0799838, 4.3113461"
"desc004/5331","1642-02-02","Regius, Henricus (1598-1679)","Utrecht (nl)","52.080985600000005, 5.12768396945229","Descartes, René (1596-1650)","[Oegstgeest (nl)]","52.1833669, 4.472129402976295"
"desc004/5332","1642-02-17","Regius, Henricus (1598-1679)","Utrecht (nl)","52.080985600000005, 5.12768396945229","Descartes, René (1596-1650)","?",
"desc004/5337","1642-03","Descartes, René (1596-1650)","?",,"Jumeau, André (1588-1651)","?",
"desc004/5334","1642-03-05","Regius, Henricus (1598-1679)","Utrecht (nl)","52.080985600000005, 5.12768396945229","Descartes, René (1596-1650)","[Oegstgeest (nl)]","52.1833669, 4.472129402976295"
"desc004/5339","1642-03-25","Descartes, René (1596-1650)","Oegstgeest (nl)","52.1833669, 4.472129402976295","Dotzen, Roderich (1618-1670)","Utrecht (nl)","52.080985600000005, 5.12768396945229"
"desc004/5340","1642-03-31","Regius, Henricus (1598-1679)","Utrecht (nl)","52.080985600000005, 5.12768396945229","Descartes, René (1596-1650)","[Oegstgeest (nl)]","52.1833669, 4.472129402976295"
"desc004/5342","1642-04-04","Regius, Henricus (1598-1679)","Utrecht (nl)","52.080985600000005, 5.12768396945229","Descartes, René (1596-1650)","[Oegstgeest (nl)]","52.1833669, 4.472129402976295"
"huyg001/2980","1642-04-07","Huygens, Constantijn (1596-1687)","Den Haag (nl)","52.0799838, 4.3113461","Mersenne, Marin (1588-1648)","[Paris (fr)]","48.8566969, 2.3514616"
"desc004/5343","1642-04-26","Descartes, René (1596-1650)","Oegstgeest (nl)","52.1833669, 4.472129402976295","Huygens, Constantijn (1596-1687)","Den Haag (nl)","52.0799838, 4.3113461"
"desc004/5344","1642-04-26","Descartes, René (1596-1650)","Oegstgeest (nl)","52.1833669, 4.472129402976295","Huygens, Constantijn (1596-1687)","Den Haag (nl)","52.0799838, 4.3113461"
"desc004/5345","1642-04-27","Huygens, Constantijn (1596-1687)","Den Haag (nl)","52.0799838, 4.3113461","Descartes, René (1596-1650)","Leiden (nl)","52.1518157, 4.4811088666204295"
"desc004/5349","1642-05/1642-08","Regius, Henricus (1598-1679)","Utrecht (nl)","52.080985600000005, 5.12768396945229","Descartes, René (1596-1650)","?",
"desc004/5346","1642-05-04","Descartes, René (1596-1650)","Oegstgeest (nl)","52.1833669, 4.472129402976295","Huygens, Constantijn (1596-1687)","Den Haag (nl)","52.0799838, 4.3113461"
"huyg001/3109","1642-08-17","Rivet, André (1572-1651)","Den Haag (nl)","52.0799838, 4.3113461","Huygens, Constantijn (1596-1687)","[Budberg (de)]","51.56423, 7.8739206"
"desc004/5350","1642-09-01","Descartes, René (1596-1650)","Oegstgeest (nl)","52.1833669, 4.472129402976295","Huygens, Constantijn (1596-1687)","[Goch (de)]","51.6755765, 6.1593045"
"desc004/5354","1642-10-06","Descartes, René (1596-1650)","Oegstgeest (nl)","52.1833669, 4.472129402976295","Huygens, Constantijn (1596-1687)","Den Haag (nl)","52.0799838, 4.3113461"
"desc004/5353","1642-10-06","Descartes, René (1596-1650)","Oegstgeest (nl)","52.1833669, 4.472129402976295","Pollotti, Alfonso (1603-1668)","[Utrecht (nl)]","52.080985600000005, 5.12768396945229"
"desc004/5356","1642-10-10","Descartes, René (1596-1650)","Oegstgeest (nl)","52.1833669, 4.472129402976295","Huygens, Constantijn (1596-1687)","Den Haag (nl)","52.0799838, 4.3113461"
"desc004/5357","1642-10-13","Descartes, René (1596-1650)","Oegstgeest (nl)","52.1833669, 4.472129402976295","Mersenne, Marin (1588-1648)","Paris (fr)","48.8566969, 2.3514616"
"desc004/5359","1642-10-20","Descartes, René (1596-1650)","Oegstgeest (nl)","52.1833669, 4.472129402976295","Mersenne, Marin (1588-1648)","Paris (fr)","48.8566969, 2.3514616"
"desc004/5360","1642-11-17","Descartes, René (1596-1650)","Oegstgeest (nl)","52.1833669, 4.472129402976295","Mersenne, Marin (1588-1648)","Paris (fr)","48.8566969, 2.3514616"
"desc004/5362","1642-12-07","Descartes, René (1596-1650)","Oegstgeest (nl)","52.1833669, 4.472129402976295","Mersenne, Marin (1588-1648)","[Paris (fr)]","48.8566969, 2.3514616"
"desc004/6421","1643","Descartes, René (1596-1650)","?",,"?","?",
"desc004/5364","1643-01-04","Descartes, René (1596-1650)","Oegstgeest (nl)","52.1833669, 4.472129402976295","Mersenne, Marin (1588-1648)","Paris (fr)","48.8566969, 2.3514616"
"desc004/5365","1643-01-05","Descartes, René (1596-1650)","Oegstgeest (nl)","52.1833669, 4.472129402976295","Huygens, Constantijn (1596-1687)","[Den Haag (nl)]","52.0799838, 4.3113461"
"desc004/5367","1643-01-14","Descartes, René (1596-1650)","Oegstgeest (nl)","52.1833669, 4.472129402976295","Huygens, Constantijn (1596-1687)","Den Haag (nl)","52.0799838, 4.3113461"
"desc004/5368","1643-02-02","Descartes, René (1596-1650)","Oegstgeest (nl)","52.1833669, 4.472129402976295","Mersenne, Marin (1588-1648)","[Paris (fr)]","48.8566969, 2.3514616"
"desc004/5369","1643-02-02","Descartes, René (1596-1650)","Oegstgeest (nl)","52.1833669, 4.472129402976295","Picot, Claude (1601-1668)","[Paris (fr)]","48.8566969, 2.3514616"
"desc004/5370","1643-02-18","Descartes, René (1596-1650)","Oegstgeest (nl)","52.1833669, 4.472129402976295","Huygens, Constantijn (1596-1687)","Den Haag (nl)","52.0799838, 4.3113461"
"desc004/5371","1643-02-23","Descartes, René (1596-1650)","Oegstgeest (nl)","52.1833669, 4.472129402976295","Mersenne, Marin (1588-1648)","[Paris (fr)]","48.8566969, 2.3514616"
"desc004/5372","1643-03-23","Descartes, René (1596-1650)","Oegstgeest (nl)","52.1833669, 4.472129402976295","Mersenne, Marin (1588-1648)","[Paris (fr)]","48.8566969, 2.3514616"
"desc004/5373","1643-04-23","Descartes, René (1596-1650)","Oegstgeest (nl)","52.1833669, 4.472129402976295","Colvius, Andreas (1594-1671)","Dordrecht (nl)","51.7958812, 4.6779351"
"desc004/5375","1643-04-26","Descartes, René (1596-1650)","Oegstgeest (nl)","52.1833669, 4.472129402976295","Mersenne, Marin (1588-1648)","[Paris (fr)]","48.8566969, 2.3514616"
"desc004/5376","1643-05-16","Pfalz, Elisabeth von der (1618-1680)","Den Haag (nl)","52.0799838, 4.3113461","Descartes, René (1596-1650)","[Egmond aan den Hoef (nl)]","52.62602575, 4.673837321309499"
"desc004/5378","1643-05-22","Descartes, René (1596-1650)","Egmond aan den Hoef (nl)","52.62602575, 4.673837321309499","Huygens, Constantijn (1596-1687)","[Den Haag (nl)]","52.0799838, 4.3113461"
"desc004/5379","1643-05-24","Descartes, René (1596-1650)","Egmond aan den Hoef (nl)","52.62602575, 4.673837321309499","Huygens, Constantijn (1596-1687)","[Den Haag (nl)]","52.0799838, 4.3113461"
"desc004/5380","1643-05-30","Descartes, René (1596-1650)","Amsterdam (nl)","52.3727598, 4.8936041","Mersenne, Marin (1588-1648)","[Paris (fr)]","48.8566969, 2.3514616"
"desc004/5381","1643-06-06","Huygens, Constantijn (1596-1687)","Heerewaarden, Fort Voorne (nl)","51.825548749999996, 5.409860880353969","Descartes, René (1596-1650)","[Egmond aan den Hoef (nl)]","52.62602575, 4.673837321309499"
"desc004/5385","1643-06-20","Pfalz, Elisabeth von der (1618-1680)","Den Haag (nl)","52.0799838, 4.3113461","Descartes, René (1596-1650)","[Egmond aan den Hoef (nl)]","52.62602575, 4.673837321309499"
"desc004/5386","1643-06-26","Descartes, René (1596-1650)","Egmond aan den Hoef (nl)","52.62602575, 4.673837321309499","Huygens, Constantijn (1596-1687)","?",
"desc004/5387","1643-06-28","Descartes, René (1596-1650)","Egmond aan den Hoef (nl)","52.62602575, 4.673837321309499","Pfalz, Elisabeth von der (1618-1680)","[Den Haag (nl)]","52.0799838, 4.3113461"
"desc004/6388","1643-07-01","Pfalz, Elisabeth von der (1618-1680)","Den Haag (nl)","52.0799838, 4.3113461","Descartes, René (1596-1650)","[Egmond aan den Hoef (nl)]","52.62602575, 4.673837321309499"
"desc004/6391","1643-07-06","Descartes, René (1596-1650)","Egmond aan den Hoef (nl)","52.62602575, 4.673837321309499","Utrecht, Vroedschap","Utrecht (nl)","52.080985600000005, 5.12768396945229"
"desc004/6392","1643-07-10","Descartes, René (1596-1650)","Amsterdam (nl)","52.3727598, 4.8936041","Huygens, Constantijn (1596-1687)","[Assenede (be)]","51.2275942, 3.7532864"
"desc004/6393","1643-07-10","Descartes, René (1596-1650)","Amsterdam (nl)","52.3727598, 4.8936041","Leu de Wilhem, David le (1588-1658)","[Den Haag (nl)]","52.0799838, 4.3113461"
"huyg001/3312","1643-07-12","Leu de Wilhem, David le (1588-1658)","Den Haag (nl)","52.0799838, 4.3113461","Huygens, Constantijn (1596-1687)","[Assenede (be)]","51.2275942, 3.7532864"
"desc004/6394","1643-07-18","Descartes, René (1596-1650)","Egmond aan den Hoef (nl)","52.62602575, 4.673837321309499","Brandt, Geraert (1626-1685)","Amsterdam (nl)","52.3727598, 4.8936041"
"desc004/6395","1643-09-05","Descartes, René (1596-1650)","Egmond aan den Hoef (nl)","52.62602575, 4.673837321309499","Colvius, Andreas (1594-1671)","[Dordrecht (nl)]","51.7958812, 4.6779351"
"desc004/6396","1643-09-20","Descartes, René (1596-1650)","Egmond aan den Hoef (nl)","52.62602575, 4.673837321309499","Huygens, Constantijn (1596-1687)","[Den Haag (nl)]","52.0799838, 4.3113461"
"desc004/6397","1643-10-05","Huygens, Constantijn (1596-1687)","Den Haag (nl)","52.0799838, 4.3113461","Descartes, René (1596-1650)","[Egmond aan den Hoef (nl)]","52.62602575, 4.673837321309499"
"desc004/6398","1643-10-17","Descartes, René (1596-1650)","Egmond aan den Hoef (nl)","52.62602575, 4.673837321309499","Graswinckel, Dirck (1601-1666)","[Den Haag (nl)]","52.0799838, 4.3113461"
"desc004/6399","1643-10-17","Descartes, René (1596-1650)","Egmond aan den Hoef (nl)","52.62602575, 4.673837321309499","Pollotti, Alfonso (1603-1668)","Den Haag (nl)","52.0799838, 4.3113461"
"desc004/6400","1643-10-17","Descartes, René (1596-1650)","Egmond aan den Hoef (nl)","52.62602575, 4.673837321309499","Huygens, Constantijn (1596-1687)","Den Haag (nl)","52.0799838, 4.3113461"
"desc004/6401","1643-10-21","Descartes, René (1596-1650)","Egmond aan den Hoef (nl)","52.62602575, 4.673837321309499","Pollotti, Alfonso (1603-1668)","Den Haag (nl)","52.0799838, 4.3113461"
"desc004/6403","1643-10-27","Descartes, René (1596-1650)","Leiden (nl)","52.1518157, 4.4811088666204295","Surck, Anthonis van (1606-1666)","Den Haag (nl)","52.0799838, 4.3113461"
"desc004/6414","1643-11","Descartes, René (1596-1650)","Egmond aan den Hoef (nl)","52.62602575, 4.673837321309499","Pfalz, Elisabeth von der (1618-1680)","[Den Haag (nl)]","52.0799838, 4.3113461"
"desc004/6408","1643-11","Descartes, René (1596-1650)","Egmond aan den Hoef (nl)","52.62602575, 4.673837321309499","Pfalz, Elisabeth von der (1618-1680)","[Den Haag (nl)]","52.0799838, 4.3113461"
"desc004/6404","1643-11-02","Descartes, René (1596-1650)","Egmond aan den Hoef (nl)","52.62602575, 4.673837321309499","Huygens, Constantijn (1596-1687)","Den Haag (nl)","52.0799838, 4.3113461"
"desc004/6407","1643-11-07","Descartes, René (1596-1650)","Egmond aan den Hoef (nl)","52.62602575, 4.673837321309499","Picot, Claude (1601-1668)","[Paris (fr)]","48.8566969, 2.3514616"
"desc004/6411","1643-11-15","Descartes, René (1596-1650)","Egmond aan den Hoef (nl)","52.62602575, 4.673837321309499","Huygens, Constantijn (1596-1687)","[Den Haag (nl)]","52.0799838, 4.3113461"
"desc004/6413","1643-11-21","Pfalz, Elisabeth von der (1618-1680)","Den Haag (nl)","52.0799838, 4.3113461","Descartes, René (1596-1650)","[Egmond aan den Hoef (nl)]","52.62602575, 4.673837321309499"
"desc004/6417","1643-12-11","Descartes, René (1596-1650)","Egmond aan den Hoef (nl)","52.62602575, 4.673837321309499","Mersenne, Marin (1588-1648)","?",
"desc004/6422","1644-01-01","Descartes, René (1596-1650)","Egmond aan den Hoef (nl)","52.62602575, 4.673837321309499","Pollotti, Alfonso (1603-1668)","[Den Haag (nl)]","52.0799838, 4.3113461"
"desc004/6423","1644-01-08","Descartes, René (1596-1650)","Egmond aan den Hoef (nl)","52.62602575, 4.673837321309499","Pollotti, Alfonso (1603-1668)","[Den Haag (nl)]","52.0799838, 4.3113461"
"desc004/6428","1644-02-09/1644-02-19","Regius, Henricus (1598-1679)","Utrecht (nl)","52.080985600000005, 5.12768396945229","Descartes, René (1596-1650)","[Egmond aan den Hoef (nl)]","52.62602575, 4.673837321309499"
"desc004/6429","1644-02-26","Descartes, René (1596-1650)","Egmond aan den Hoef (nl)","52.62602575, 4.673837321309499","Huygens, Constantijn (1596-1687)","Den Haag (nl)","52.0799838, 4.3113461"
"desc004/6430","1644-02-26","Descartes, René (1596-1650)","Egmond aan den Hoef (nl)","52.62602575, 4.673837321309499","Leu de Wilhem, David le (1588-1658)","[Den Haag (nl)]","52.0799838, 4.3113461"
"desc004/6433","1644-04-01","Descartes, René (1596-1650)","Egmond aan den Hoef (nl)","52.62602575, 4.673837321309499","Picot, Claude (1601-1668)","[Paris (fr)]","48.8566969, 2.3514616"
"desc004/6438","1644-05-27","Descartes, René (1596-1650)","Leiden (nl)","52.1518157, 4.4811088666204295","Andreae, Tobias (1604-1676)","Groningen (nl)","53.2190652, 6.5680077"
"desc004/6439","1644-06-04","Regius, Henricus (1598-1679)","Utrecht (nl)","52.080985600000005, 5.12768396945229","Descartes, René (1596-1650)","[Leiden (nl)]","52.1518157, 4.4811088666204295"
"desc004/6441","1644-07-09","Descartes, René (1596-1650)","Paris (fr)","48.8566969, 2.3514616","Leu de Wilhem, David le (1588-1658)","Den Haag (nl)","52.0799838, 4.3113461"
"huyg001/3634","1644-07-24","Heereboort, Adrianus (1614-1661)","Leiden (nl)","52.1518157, 4.4811088666204295","Huygens, Constantijn (1596-1687)","[Maldegem (be)]","51.2088871, 3.4452214"
"desc004/6442","1644-07-29","Descartes, René (1596-1650)","Rennes (fr)","48.1113387, -1.6800198","Picot, Claude (1601-1668)","[Paris (fr)]","48.8566969, 2.3514616"
"desc004/6443","1644-08-01","Pfalz, Elisabeth von der (1618-1680)","Den Haag (nl)","52.0799838, 4.3113461","Descartes, René (1596-1650)","[Le Crevis (fr)]","46.7301535, 1.4331771"
"huyg003/0003g","1644-08-16","Huygens, Constantijn (1596-1687)","[Assenede (be)]","51.2275942, 3.7532864","Mersenne, Marin (1588-1648)","[Paris (fr)]","48.8566969, 2.3514616"
"desc004/6444","1644-08-18","Descartes, René (1596-1650)","Le Crevis (fr)","46.7301535, 1.4331771","Picot, Claude (1601-1668)","[Paris (fr)]","48.8566969, 2.3514616"
"huyg001/3721","1644-08-30","Surck, Anthonis van (1606-1666)","Bergen op Zoom (nl)","51.4965864, 4.289740797263708","Huygens, Constantijn (1596-1687)","[Assenede (be)]","51.2275942, 3.7532864"
"desc004/6446","1644-09-11","Descartes, René (1596-1650)","Sucé-sur-Erdre (fr)","47.341551, -1.5285694","Picot, Claude (1601-1668)","[Paris (fr)]","48.8566969, 2.3514616"
"huyg001/3771","1644-09-22","Pollotti, Alfonso (1603-1668)","Paris (fr)","48.8566969, 2.3514616","Huygens, Constantijn (1596-1687)","[Assenede (be)]","51.2275942, 3.7532864"
"desc004/6450","1644-11-08","Descartes, René (1596-1650)","Calais (fr)","50.9488, 1.87468","Picot, Claude (1601-1668)","[Paris (fr)]","48.8566969, 2.3514616"
"desc004/6451","1644-11-13","Descartes, René (1596-1650)","Dordrecht (nl)","51.7958812, 4.6779351","Huygens, Constantijn (1596-1687)","[Den Haag (nl)]","52.0799838, 4.3113461"
"desc004/6452","1644-11-18","Regius, Henricus (1598-1679)","Utrecht (nl)","52.080985600000005, 5.12768396945229","Descartes, René (1596-1650)","[Leiden (nl)]","52.1518157, 4.4811088666204295"
"desc004/6454","1644-12-21","Descartes, René (1596-1650)","Egmond-Binnen (nl)","52.594355449999995, 4.63578440220088","Huygens, Constantijn (1596-1687)","[Den Haag (nl)]","52.0799838, 4.3113461"
"desc004/6456","1645-01-05","Descartes, René (1596-1650)","Egmond-Binnen (nl)","52.594355449999995, 4.63578440220088","Dupuy, Jacques (1591-1656)","Paris (fr)","48.8566969, 2.3514616"
"desc004/6458","1645-02-07","Descartes, René (1596-1650)","Egmond-Binnen (nl)","52.594355449999995, 4.63578440220088","Andreae, Tobias (1604-1676)","Groningen (nl)","53.2190652, 6.5680077"
"desc004/6464","1645-02-09","Descartes, René (1596-1650)","Egmond-Binnen (nl)","52.594355449999995, 4.63578440220088","Picot, Claude (1601-1668)","[Paris (fr)]","48.8566969, 2.3514616"
"desc004/6466","1645-02-17","Descartes, René (1596-1650)","Egmond-Binnen (nl)","52.594355449999995, 4.63578440220088","Groningen, University of","Groningen (nl)","53.2190652, 6.5680077"
"desc004/6465","1645-02-17","Descartes, René (1596-1650)","Egmond-Binnen (nl)","52.594355449999995, 4.63578440220088","Huygens, Constantijn (1596-1687)","Den Haag (nl)","52.0799838, 4.3113461"
"desc004/6470","1645-04-10","Descartes, René (1596-1650)","Egmond-Binnen (nl)","52.594355449999995, 4.63578440220088","Clerselier, Claude (1614-1684)","[Paris (fr)]","48.8566969, 2.3514616"
"desc004/6476","1645-05","Descartes, René (1596-1650)","Egmond-Binnen (nl)","52.594355449999995, 4.63578440220088","Mesland, Denis (1615-1672)","[La Flèche (fr)]","47.6968408, -0.0746149"
"desc004/6471","1645-05-05","Descartes, René (1596-1650)","Egmond-Binnen (nl)","52.594355449999995, 4.63578440220088","Andreae, Tobias (1604-1676)","Groningen (nl)","53.2190652, 6.5680077"
"desc004/6474","1645-05-24","Pfalz, Elisabeth von der (1618-1680)","Den Haag (nl)","52.0799838, 4.3113461","Descartes, René (1596-1650)","[Egmond-Binnen (nl)]","52.594355449999995, 4.63578440220088"
"desc004/6475","1645-05-26","Descartes, René (1596-1650)","Egmond-Binnen (nl)","52.594355449999995, 4.63578440220088","Andreae, Tobias (1604-1676)","Groningen (nl)","53.2190652, 6.5680077"
"desc004/6481","1645-06-22","Pfalz, Elisabeth von der (1618-1680)","Den Haag (nl)","52.0799838, 4.3113461","Descartes, René (1596-1650)","Egmond-Binnen (nl)","52.594355449999995, 4.63578440220088"
"desc004/6482","1645-06-23","Regius, Henricus (1598-1679)","Utrecht (nl)","52.080985600000005, 5.12768396945229","Descartes, René (1596-1650)","[Egmond-Binnen (nl)]","52.594355449999995, 4.63578440220088"
"desc004/6491","1645-07","Descartes, René (1596-1650)","Egmond-Binnen (nl)","52.594355449999995, 4.63578440220088","Regius, Henricus (1598-1679)","[Utrecht (nl)]","52.080985600000005, 5.12768396945229"
"desc004/6488","1645-07","Descartes, René (1596-1650)","Egmond-Binnen (nl)","52.594355449999995, 4.63578440220088","Regius, Henricus (1598-1679)","[Utrecht (nl)]","52.080985600000005, 5.12768396945229"
"huyg001/4005","1645-07-04","Leu de Wilhem, David le (1588-1658)","Den Haag (nl)","52.0799838, 4.3113461","Huygens, Constantijn (1596-1687)","[Zelzate (be)]","51.2000036, 3.8105002"
"desc004/6485","1645-07-06","Regius, Henricus (1598-1679)","Utrecht (nl)","52.080985600000005, 5.12768396945229","Descartes, René (1596-1650)","[Egmond-Binnen (nl)]","52.594355449999995, 4.63578440220088"
"desc004/6487","1645-07-16","Descartes, René (1596-1650)","Egmond-Binnen (nl)","52.594355449999995, 4.63578440220088","Andreae, Tobias (1604-1676)","[Groningen (nl)]","53.2190652, 6.5680077"
"desc004/6489","1645-07-21","Descartes, René (1596-1650)","Egmond-Binnen (nl)","52.594355449999995, 4.63578440220088","Pfalz, Elisabeth von der (1618-1680)","[Den Haag (nl)]","52.0799838, 4.3113461"
"desc004/6497","1645-08","Pfalz, Elisabeth von der (1618-1680)","Den Haag (nl)","52.0799838, 4.3113461","Descartes, René (1596-1650)","Egmond-Binnen (nl)","52.594355449999995, 4.63578440220088"
"desc004/6492","1645-08-04","Descartes, René (1596-1650)","Egmond-Binnen (nl)","52.594355449999995, 4.63578440220088","Leu de Wilhem, David le (1588-1658)","[Den Haag (nl)]","52.0799838, 4.3113461"
"desc004/6493","1645-08-04","Descartes, René (1596-1650)","Egmond-Binnen (nl)","52.594355449999995, 4.63578440220088","Huygens, Constantijn (1596-1687)","[Maldegem (be)]","51.2088871, 3.4452214"
"desc004/6494","1645-08-04","Descartes, René (1596-1650)","Egmond-Binnen (nl)","52.594355449999995, 4.63578440220088","Pfalz, Elisabeth von der (1618-1680)","[Den Haag (nl)]","52.0799838, 4.3113461"
"desc004/6495","1645-08-16","Pfalz, Elisabeth von der (1618-1680)","Den Haag (nl)","52.0799838, 4.3113461","Descartes, René (1596-1650)","Egmond-Binnen (nl)","52.594355449999995, 4.63578440220088"
"desc004/6496","1645-08-18","Descartes, René (1596-1650)","Egmond-Binnen (nl)","52.594355449999995, 4.63578440220088","Pfalz, Elisabeth von der (1618-1680)","[Den Haag (nl)]","52.0799838, 4.3113461"
"desc004/6498","1645-09-01","Descartes, René (1596-1650)","Egmond-Binnen (nl)","52.594355449999995, 4.63578440220088","Pfalz, Elisabeth von der (1618-1680)","[Den Haag (nl)]","52.0799838, 4.3113461"
"desc004/6499","1645-09-13","Pfalz, Elisabeth von der (1618-1680)","Den Haag (nl)","52.0799838, 4.3113461","Descartes, René (1596-1650)","Egmond-Binnen (nl)","52.594355449999995, 4.63578440220088"
"desc004/6500","1645-09-15","Descartes, René (1596-1650)","Egmond-Binnen (nl)","52.594355449999995, 4.63578440220088","Pfalz, Elisabeth von der (1618-1680)","[Den Haag (nl)]","52.0799838, 4.3113461"
"desc004/6501","1645-09-15","Descartes, René (1596-1650)","Egmond-Binnen (nl)","52.594355449999995, 4.63578440220088","Leu de Wilhem, David le (1588-1658)","Den Haag (nl)","52.0799838, 4.3113461"
"desc004/6502","1645-09-29","Descartes, René (1596-1650)","Egmond-Binnen (nl)","52.594355449999995, 4.63578440220088","Leu de Wilhem, David le (1588-1658)","Den Haag (nl)","52.0799838, 4.3113461"
"desc004/6503","1645-09-30","Pfalz, Elisabeth von der (1618-1680)","Rijswijk (nl)","52.03739335, 4.322502837527406","Descartes, René (1596-1650)","Egmond-Binnen (nl)","52.594355449999995, 4.63578440220088"
"desc004/6504","1645-10-06","Descartes, René (1596-1650)","Egmond-Binnen (nl)","52.594355449999995, 4.63578440220088","Pfalz, Elisabeth von der (1618-1680)","[Den Haag (nl)]","52.0799838, 4.3113461"
"desc004/6505","1645-10-15","Descartes, René (1596-1650)","Egmond-Binnen (nl)","52.594355449999995, 4.63578440220088","?","?",
"desc004/6506","1645-10-28","Pfalz, Elisabeth von der (1618-1680)","Den Haag (nl)","52.0799838, 4.3113461","Descartes, René (1596-1650)","Egmond-Binnen (nl)","52.594355449999995, 4.63578440220088"
"desc004/6508","1645-11-03","Descartes, René (1596-1650)","Egmond-Binnen (nl)","52.594355449999995, 4.63578440220088","Pfalz, Elisabeth von der (1618-1680)","[Den Haag (nl)]","52.0799838, 4.3113461"
"desc004/6509","1645-11-30","Pfalz, Elisabeth von der (1618-1680)","Den Haag (nl)","52.0799838, 4.3113461","Descartes, René (1596-1650)","Egmond-Binnen (nl)","52.594355449999995, 4.63578440220088"
"desc004/6513","1645-12","Descartes, René (1596-1650)","Egmond-Binnen (nl)","52.594355449999995, 4.63578440220088","?","[Den Haag (nl)]","52.0799838, 4.3113461"
"desc004/6510","1645-12-20","Descartes, René (1596-1650)","Egmond-Binnen (nl)","52.594355449999995, 4.63578440220088","Clerselier, Claude (1614-1684)","[Paris (fr)]","48.8566969, 2.3514616"
"desc004/6511","1645-12-27","Pfalz, Elisabeth von der (1618-1680)","Den Haag (nl)","52.0799838, 4.3113461","Descartes, René (1596-1650)","Egmond-Binnen (nl)","52.594355449999995, 4.63578440220088"
"desc004/7521","1646-02-23","Descartes, René (1596-1650)","Egmond-Binnen (nl)","52.594355449999995, 4.63578440220088","Clerselier, Claude (1614-1684)","[Paris (fr)]","48.8566969, 2.3514616"
"desc004/7523","1646-03-02","Descartes, René (1596-1650)","Egmond-Binnen (nl)","52.594355449999995, 4.63578440220088","Mersenne, Marin (1588-1648)","[Paris (fr)]","48.8566969, 2.3514616"
"desc004/7524","1646-03-02","Descartes, René (1596-1650)","Egmond-Binnen (nl)","52.594355449999995, 4.63578440220088","Clerselier, Claude (1614-1684)","[Paris (fr)]","48.8566969, 2.3514616"
"desc004/7527","1646-03-11","Descartes, René (1596-1650)","Egmond-Binnen (nl)","52.594355449999995, 4.63578440220088","Huygens, Constantijn (1596-1687)","Den Haag (nl)","52.0799838, 4.3113461"
"desc004/7529","1646-03-30","Descartes, René (1596-1650)","Egmond-Binnen (nl)","52.594355449999995, 4.63578440220088","Cavendish, Charles (1594-1654)","Paris (fr)","48.8566969, 2.3514616"
"desc004/7530","1646-04-17","Descartes, René (1596-1650)","Egmond-Binnen (nl)","52.594355449999995, 4.63578440220088","?","Utrecht (nl)","52.080985600000005, 5.12768396945229"
"desc004/7532","1646-04-20","Descartes, René (1596-1650)","Egmond-Binnen (nl)","52.594355449999995, 4.63578440220088","Mersenne, Marin (1588-1648)","[Paris (fr)]","48.8566969, 2.3514616"
"desc004/7531","1646-04-20","Descartes, René (1596-1650)","Egmond-Binnen (nl)","52.594355449999995, 4.63578440220088","Mersenne, Marin (1588-1648)","Paris (fr)","48.8566969, 2.3514616"
"desc004/7533","1646-04-25","Pfalz, Elisabeth von der (1618-1680)","Den Haag (nl)","52.0799838, 4.3113461","Descartes, René (1596-1650)","Egmond-Binnen (nl)","52.594355449999995, 4.63578440220088"
"desc004/7538","1646-05","Roberval, Gilles Personne de (1602-1675)","Paris (fr)","48.8566969, 2.3514616","Descartes, René (1596-1650)","[Egmond-Binnen (nl)]","52.594355449999995, 4.63578440220088"
"desc004/7535","1646-05-04","Descartes, René (1596-1650)","Egmond-Binnen (nl)","52.594355449999995, 4.63578440220088","Picot, Claude (1601-1668)","[Paris (fr)]","48.8566969, 2.3514616"
"desc004/7537","1646-05-15","Descartes, René (1596-1650)","Egmond-Binnen (nl)","52.594355449999995, 4.63578440220088","Cavendish, Charles (1594-1654)","Paris (fr)","48.8566969, 2.3514616"
"desc004/7540","1646-06-15","Descartes, René (1596-1650)","Egmond-Binnen (nl)","52.594355449999995, 4.63578440220088","Leu de Wilhem, David le (1588-1658)","[Den Haag (nl)]","52.0799838, 4.3113461"
"desc004/7539","1646-06-15","Descartes, René (1596-1650)","Egmond-Binnen (nl)","52.594355449999995, 4.63578440220088","Cavendish, Charles (1594-1654)","[Paris (fr)]","48.8566969, 2.3514616"
"huyg003/0009","1646-06-15","Descartes, René (1596-1650)","Egmond (nl)","51.6528177, 5.9401049","Leu de Wilhem, David le (1588-1658)","[Den Haag (nl)]","52.0799838, 4.3113461"
"desc004/7543","1646-07","Clerselier, Claude (1614-1684)","Paris (fr)","48.8566969, 2.3514616","Descartes, René (1596-1650)","Egmond-Binnen (nl)","52.594355449999995, 4.63578440220088"
"desc004/7545","1646-08","Pfalz, Elisabeth von der (1618-1680)","Den Haag (nl)","52.0799838, 4.3113461","Descartes, René (1596-1650)","[Egmond-Binnen (nl)]","52.594355449999995, 4.63578440220088"
"desc004/7551","1646-09","Roberval, Gilles Personne de (1602-1675)","[Paris (fr)]","48.8566969, 2.3514616","Descartes, René (1596-1650)","Egmond-Binnen (nl)","52.594355449999995, 4.63578440220088"
"desc004/7550","1646-09-07","Descartes, René (1596-1650)","Egmond-Binnen (nl)","52.594355449999995, 4.63578440220088","Mersenne, Marin (1588-1648)","Paris (fr)","48.8566969, 2.3514616"
"huyg003/0011a","1646-09-12","Huygens, Constantijn (1596-1687)","Sint-Gillis-Waas (be)","51.2179895, 4.1286101","Mersenne, Marin (1588-1648)","[Paris (fr)]","48.8566969, 2.3514616"
"desc004/7553","1646-10","Descartes, René (1596-1650)","Egmond-Binnen (nl)","52.594355449999995, 4.63578440220088","?","[Den Haag (nl)]","52.0799838, 4.3113461"
"desc004/7552","1646-10-05","Descartes, René (1596-1650)","Egmond-Binnen (nl)","52.594355449999995, 4.63578440220088","Mersenne, Marin (1588-1648)","Paris (fr)","48.8566969, 2.3514616"
"desc004/7554","1646-10-10","Pfalz, Elisabeth von der (1618-1680)","Berlin (de)","52.5170365, 13.3888599","Descartes, René (1596-1650)","[Egmond-Binnen (nl)]","52.594355449999995, 4.63578440220088"
"desc004/7555","1646-10-12","Descartes, René (1596-1650)","Egmond-Binnen (nl)","52.594355449999995, 4.63578440220088","Mersenne, Marin (1588-1648)","Paris (fr)","48.8566969, 2.3514616"
"desc004/7559","1646-11-02","Descartes, René (1596-1650)","Egmond-Binnen (nl)","52.594355449999995, 4.63578440220088","Roberval, Gilles Personne de (1602-1675)","Paris (fr)","48.8566969, 2.3514616"
"desc004/7560","1646-11-02","Descartes, René (1596-1650)","Egmond-Binnen (nl)","52.594355449999995, 4.63578440220088","Mersenne, Marin (1588-1648)","Paris (fr)","48.8566969, 2.3514616"
"desc004/7561","1646-11-02","Descartes, René (1596-1650)","Egmond-Binnen (nl)","52.594355449999995, 4.63578440220088","Cavendish, Charles (1594-1654)","[Paris (fr)]","48.8566969, 2.3514616"
"desc004/7563","1646-11-09","Descartes, René (1596-1650)","Egmond-Binnen (nl)","52.594355449999995, 4.63578440220088","Clerselier, Claude (1614-1684)","[Paris (fr)]","48.8566969, 2.3514616"
"desc004/7564","1646-11-23","Descartes, René (1596-1650)","Egmond-Binnen (nl)","52.594355449999995, 4.63578440220088","Mersenne, Marin (1588-1648)","Paris (fr)","48.8566969, 2.3514616"
"desc004/7566","1646-11-29","Pfalz, Elisabeth von der (1618-1680)","Berlin (de)","52.5170365, 13.3888599","Descartes, René (1596-1650)","Egmond-Binnen (nl)","52.594355449999995, 4.63578440220088"
"desc004/7567","1646-11-30","Descartes, René (1596-1650)","Egmond-Binnen (nl)","52.594355449999995, 4.63578440220088","Huygens, Constantijn (1596-1687)","Den Haag (nl)","52.0799838, 4.3113461"
"desc004/7568","1646-12-01","Chanut, Pierre (1601-1662)","Stockholm (se)","59.3251172, 18.0710935","Descartes, René (1596-1650)","Egmond-Binnen (nl)","52.594355449999995, 4.63578440220088"
"desc004/7570","1646-12-14","Descartes, René (1596-1650)","Egmond-Binnen (nl)","52.594355449999995, 4.63578440220088","Noël, Étienne (1581-1659)","[Paris (fr)]","48.8566969, 2.3514616"
"desc004/7571","1646-12-14","Descartes, René (1596-1650)","Egmond-Binnen (nl)","52.594355449999995, 4.63578440220088","Charlet, Étienne (1570-1652)","[Paris (fr)]","48.8566969, 2.3514616"
"desc004/7569","1646-12-14","Descartes, René (1596-1650)","Egmond-Binnen (nl)","52.594355449999995, 4.63578440220088","Mersenne, Marin (1588-1648)","Paris (fr)","48.8566969, 2.3514616"
"desc004/7574","1647-01-05","Descartes, René (1596-1650)","Egmond-Binnen (nl)","52.594355449999995, 4.63578440220088","Foreest, Jan van (1586-1651)","Den Haag (nl)","52.0799838, 4.3113461"
"desc004/7576","1647-01-25","Descartes, René (1596-1650)","Egmond-Binnen (nl)","52.594355449999995, 4.63578440220088","Mersenne, Marin (1588-1648)","[Paris (fr)]","48.8566969, 2.3514616"
"desc004/7577","1647-01-29","Descartes, Joachim (1602-1680)","Nantes (fr)","47.2186371, -1.5541362","Mersenne, Marin (1588-1648)","?",
"desc004/7579","1647-02-04","Descartes, René (1596-1650)","Egmond-Binnen (nl)","52.594355449999995, 4.63578440220088","Huygens, Constantijn (1596-1687)","Den Haag (nl)","52.0799838, 4.3113461"
"desc004/7580","1647-02-21","Pfalz, Elisabeth von der (1618-1680)","Berlin (de)","52.5170365, 13.3888599","Descartes, René (1596-1650)","Egmond-Binnen (nl)","52.594355449999995, 4.63578440220088"
"desc004/7581","1647-03-01","Descartes, René (1596-1650)","Egmond-Binnen (nl)","52.594355449999995, 4.63578440220088","Picot, Claude (1601-1668)","Paris (fr)","48.8566969, 2.3514616"
"desc004/7582","1647-03-15","Descartes, René (1596-1650)","Egmond-Binnen (nl)","52.594355449999995, 4.63578440220088","Mersenne, Marin (1588-1648)","[Paris (fr)]","48.8566969, 2.3514616"
"desc004/7584","1647-04-11","Pfalz, Elisabeth von der (1618-1680)","Berlin (de)","52.5170365, 13.3888599","Descartes, René (1596-1650)","Egmond-Binnen (nl)","52.594355449999995, 4.63578440220088"
"desc004/7585","1647-04-19","Descartes, René (1596-1650)","Egmond-Binnen (nl)","52.594355449999995, 4.63578440220088","Heereboort, Adrianus (1614-1661)","Leiden (nl)","52.1518157, 4.4811088666204295"
"desc004/7587","1647-04-26","Descartes, René (1596-1650)","Egmond-Binnen (nl)","52.594355449999995, 4.63578440220088","Picot, Claude (1601-1668)","Paris (fr)","48.8566969, 2.3514616"
"desc004/7586","1647-04-26","Descartes, René (1596-1650)","Egmond-Binnen (nl)","52.594355449999995, 4.63578440220088","Mersenne, Marin (1588-1648)","Paris (fr)","48.8566969, 2.3514616"
"desc004/7588","1647-05-04","Descartes, René (1596-1650)","Egmond-Binnen (nl)","52.594355449999995, 4.63578440220088","Leiden, Curators of the university","Leiden (nl)","52.1518157, 4.4811088666204295"
"desc004/7590","1647-05-11","Chanut, Pierre (1601-1662)","[Stockholm (se)]","59.3251172, 18.0710935","Descartes, René (1596-1650)","[Egmond-Binnen (nl)]","52.594355449999995, 4.63578440220088"
"desc004/7592","1647-05-12","Descartes, René (1596-1650)","Egmond-Binnen (nl)","52.594355449999995, 4.63578440220088","Huygens, Constantijn (1596-1687)","[Den Haag (nl)]","52.0799838, 4.3113461"
"desc004/7600","1647-05-21/1647-05-31","Pfalz, Elisabeth von der (1618-1680)","Krossen (de)","51.9182711, 13.603749870298586","Descartes, René (1596-1650)","Egmond-Binnen (nl)","52.594355449999995, 4.63578440220088"
"desc004/7596","1647-05-24","Descartes, René (1596-1650)","Egmond-Binnen (nl)","52.594355449999995, 4.63578440220088","Leu de Wilhem, David le (1588-1658)","Den Haag (nl)","52.0799838, 4.3113461"
"desc004/7597","1647-05-27","Descartes, René (1596-1650)","Egmond-Binnen (nl)","52.594355449999995, 4.63578440220088","Leiden, Curators of the university","Leiden (nl)","52.1518157, 4.4811088666204295"
"desc004/7599","1647-05-27","Descartes, René (1596-1650)","Egmond-Binnen (nl)","52.594355449999995, 4.63578440220088","Leu de Wilhem, David le (1588-1658)","[Den Haag (nl)]","52.0799838, 4.3113461"
"desc004/7603","1647-06-08","Descartes, René (1596-1650)","Rotterdam (nl)","51.9228934, 4.4631786","Picot, Claude (1601-1668)","Paris (fr)","48.8566969, 2.3514616"
"desc004/7605","1647-09-21","Chanut, Pierre (1601-1662)","Stockholm (se)","59.3251172, 18.0710935","Descartes, René (1596-1650)","[Paris (fr)]","48.8566969, 2.3514616"
"desc004/7606","1647-11-09","Chanut, Pierre (1601-1662)","Stockholm (se)","59.3251172, 18.0710935","Descartes, René (1596-1650)","[Egmond-Binnen (nl)]","52.594355449999995, 4.63578440220088"
"desc004/7607","1647-11-14","Huygens, Constantijn (1596-1687)","Den Haag (nl)","52.0799838, 4.3113461","Descartes, René (1596-1650)","Egmond-Binnen (nl)","52.594355449999995, 4.63578440220088"
"desc004/7609","1647-11-20","Descartes, René (1596-1650)","Egmond-Binnen (nl)","52.594355449999995, 4.63578440220088","Chanut, Pierre (1601-1662)","[Stockholm (se)]","59.3251172, 18.0710935"
"desc004/7608","1647-11-20","Descartes, René (1596-1650)","Egmond-Binnen (nl)","52.594355449999995, 4.63578440220088","Kristina, queen of Sweden (1626-1689)","[Stockholm (se)]","59.3251172, 18.0710935"
"desc004/7612","1647-12-05","Pfalz, Elisabeth von der (1618-1680)","Berlin (de)","52.5170365, 13.3888599","Descartes, René (1596-1650)","Egmond-Binnen (nl)","52.594355449999995, 4.63578440220088"
"desc004/7613","1647-12-08","Descartes, René (1596-1650)","Egmond-Binnen (nl)","52.594355449999995, 4.63578440220088","Huygens, Constantijn (1596-1687)","Den Haag (nl)","52.0799838, 4.3113461"
"desc004/7615","1647-12-17","Descartes, René (1596-1650)","Egmond-Binnen (nl)","52.594355449999995, 4.63578440220088","Brasset, Jean (1591-)","Den Haag (nl)","52.0799838, 4.3113461"
"desc004/7616","1647-12-27","Descartes, René (1596-1650)","Egmond-Binnen (nl)","52.594355449999995, 4.63578440220088","Huygens, Constantijn (1596-1687)","Den Haag (nl)","52.0799838, 4.3113461"
"desc004/3227bis","1648/1649","Beaune, Florimond de (1601-1652)","[Blois (fr)]","47.5876861, 1.3337639","Schooten, Frans van (1615-1660)","[Leiden (nl)]","52.1518157, 4.4811088666204295"
"huyg001/4735","1648-01-13","Huygens, Constantijn (1596-1687)","Den Haag (nl)","52.0799838, 4.3113461","Mersenne, Marin (1588-1648)","[Paris (fr)]","48.8566969, 2.3514616"
"desc004/8619","1648-01-31","Descartes, René (1596-1650)","Egmond-Binnen (nl)","52.594355449999995, 4.63578440220088","Mersenne, Marin (1588-1648)","Paris (fr)","48.8566969, 2.3514616"
"desc004/8620","1648-02-07","Descartes, René (1596-1650)","Egmond-Binnen (nl)","52.594355449999995, 4.63578440220088","Mersenne, Marin (1588-1648)","Paris (fr)","48.8566969, 2.3514616"
"desc004/8622","1648-02-07","Descartes, René (1596-1650)","Egmond-Binnen (nl)","52.594355449999995, 4.63578440220088","Pollotti, Alfonso (1603-1668)","[Paris (fr)]","48.8566969, 2.3514616"
"desc004/8623","1648-02-21","Descartes, René (1596-1650)","Egmond-Binnen (nl)","52.594355449999995, 4.63578440220088","Utrecht, Vroedschap","Utrecht (nl)","52.080985600000005, 5.12768396945229"
"desc004/8625","1648-02-28","Descartes, René (1596-1650)","Egmond-Binnen (nl)","52.594355449999995, 4.63578440220088","Picot, Claude (1601-1668)","[Paris (fr)]","48.8566969, 2.3514616"
"desc004/8628","1648-04-04","Descartes, René (1596-1650)","Egmond-Binnen (nl)","52.594355449999995, 4.63578440220088","Mersenne, Marin (1588-1648)","Paris (fr)","48.8566969, 2.3514616"
"desc004/8627","1648-04-04","Descartes, René (1596-1650)","Egmond-Binnen (nl)","52.594355449999995, 4.63578440220088","Picot, Claude (1601-1668)","[Paris (fr)]","48.8566969, 2.3514616"
"huyg003/0047a","1648-04-06","Huygens, Constantijn (1596-1687)","Den Haag (nl)","52.0799838, 4.3113461","Mersenne, Marin (1588-1648)","[Paris (fr)]","48.8566969, 2.3514616"
"desc004/8637","1648-06/1648-07","Descartes, René (1596-1650)","[Paris (fr)]","48.8566969, 2.3514616","Mersenne, Marin (1588-1648)","[Paris (fr)]","48.8566969, 2.3514616"
"desc004/8633","1648-06-04","Descartes, René (1596-1650)","Paris (fr)","48.8566969, 2.3514616","Arnauld, Antoine (1612-1694)","[Magny-les-Hameaux (fr)]","48.724051, 2.0839562"
"desc004/8634","1648-06-05","Descartes, René (1596-1650)","Paris (fr)","48.8566969, 2.3514616","Beaune, Florimond de (1601-1652)","Blois (fr)","47.5876861, 1.3337639"
"desc004/8635","1648-06-30","Pfalz, Elisabeth von der (1618-1680)","Krossen (de)","51.9182711, 13.603749870298586","Descartes, René (1596-1650)","?",
"desc004/8638","1648-07","Pfalz, Elisabeth von der (1618-1680)","Krossen (de)","51.9182711, 13.603749870298586","Descartes, René (1596-1650)","?",
"desc004/8642","1648-08-23","Pfalz, Elisabeth von der (1618-1680)","Krossen (de)","51.9182711, 13.603749870298586","Descartes, René (1596-1650)","?",
"desc004/8643","1648-09-01","Descartes, René (1596-1650)","Boulogne (fr)","46.7947224, -1.3210389","Picot, Claude (1601-1668)","[Paris (fr)]","48.8566969, 2.3514616"
"huyg001/4868","1648-09-03","Huygens, Constantijn (1596-1687)","Groningen (nl)","53.2190652, 6.5680077","Rivet, André (1572-1651)","[Breda (nl)]","51.5887845, 4.7760237"
"desc004/8644","1648-09-06","Descartes, René (1596-1650)","Amsterdam (nl)","52.3727598, 4.8936041","Picot, Claude (1601-1668)","[Paris (fr)]","48.8566969, 2.3514616"
"desc004/8646","1648-11-13","Descartes, René (1596-1650)","Egmond-Binnen (nl)","52.594355449999995, 4.63578440220088","Picot, Claude (1601-1668)","[Paris (fr)]","48.8566969, 2.3514616"
"desc004/8647","1648-12-07","Descartes, René (1596-1650)","Egmond-Binnen (nl)","52.594355449999995, 4.63578440220088","Picot, Claude (1601-1668)","[Paris (fr)]","48.8566969, 2.3514616"
"desc004/8649","1648-12-12","Kristina, queen of Sweden (1626-1689)","Stockholm (se)","59.3251172, 18.0710935","Descartes, René (1596-1650)","[Egmond-Binnen (nl)]","52.594355449999995, 4.63578440220088"
"desc004/8650","1648-12-12","Chanut, Pierre (1601-1662)","Stockholm (se)","59.3251172, 18.0710935","Descartes, René (1596-1650)","[Egmond-Binnen (nl)]","52.594355449999995, 4.63578440220088"
"desc004/8654","1649-02-05","Descartes, René (1596-1650)","Egmond-Binnen (nl)","52.594355449999995, 4.63578440220088","More, Henry (1614-1687)","Cambridge (gb)","52.2034823, 0.1235817"
"desc004/8655","1649-02-21","Descartes, René (1596-1650)","Egmond-Binnen (nl)","52.594355449999995, 4.63578440220088","Picot, Claude (1601-1668)","[Paris (fr)]","48.8566969, 2.3514616"
"desc004/8659","1649-02-27","Chanut, Pierre (1601-1662)","Stockholm (se)","59.3251172, 18.0710935","Descartes, René (1596-1650)","[Egmond-Binnen (nl)]","52.594355449999995, 4.63578440220088"
"desc004/8664","1649-03-27","Chanut, Pierre (1601-1662)","Stockholm (se)","59.3251172, 18.0710935","Descartes, René (1596-1650)","[Egmond-Binnen (nl)]","52.594355449999995, 4.63578440220088"
"desc004/8671","1649-04-15","Descartes, René (1596-1650)","Egmond-Binnen (nl)","52.594355449999995, 4.63578440220088","More, Henry (1614-1687)","Cambridge (gb)","52.2034823, 0.1235817"
"desc004/8676","1649-05-07/1649-05-14","Descartes, René (1596-1650)","Egmond-Binnen (nl)","52.594355449999995, 4.63578440220088","Picot, Claude (1601-1668)","[Paris (fr)]","48.8566969, 2.3514616"
"desc004/8682","1649-08-17","Descartes, René (1596-1650)","Den Haag (nl)","52.0799838, 4.3113461","Carcavy, Pierre de (1600-1684)","[Paris (fr)]","48.8566969, 2.3514616"
"desc004/8686","1649-08-30","Descartes, René (1596-1650)","Egmond-Binnen (nl)","52.594355449999995, 4.63578440220088","Hogelande, Cornelis van (1590-1662)","?",
"desc004/8685","1649-08-30","Descartes, René (1596-1650)","Egmond-Binnen (nl)","52.594355449999995, 4.63578440220088","Picot, Claude (1601-1668)","Paris (fr)","48.8566969, 2.3514616"
"desc004/8684","1649-08-30","Descartes, René (1596-1650)","Egmond-Binnen (nl)","52.594355449999995, 4.63578440220088","Picot, Claude (1601-1668)","[Paris (fr)]","48.8566969, 2.3514616"
"desc004/8687","1649-09-24","Carcavy, Pierre de (1600-1684)","Paris (fr)","48.8566969, 2.3514616","Descartes, René (1596-1650)","[Stockholm (se)]","59.3251172, 18.0710935"
"desc004/8689","1649-10-09","Descartes, René (1596-1650)","Stockholm (se)","59.3251172, 18.0710935","Picot, Claude (1601-1668)","Paris (fr)","48.8566969, 2.3514616"
"desc004/8690","1649-10-17","Descartes, René (1596-1650)","Stockholm (se)","59.3251172, 18.0710935","Brasset, Jean (1591-)","[Den Haag (nl)]","52.0799838, 4.3113461"
"desc004/8691","1649-10-21","More, Henry (1614-1687)","Cambridge (gb)","52.2034823, 0.1235817","Descartes, René (1596-1650)","[Stockholm (se)]","59.3251172, 18.0710935"
"desc004/8693","1649-11-06","Descartes, René (1596-1650)","Stockholm (se)","59.3251172, 18.0710935","Clerselier, Claude (1614-1684)","[Paris (fr)]","48.8566969, 2.3514616"
"desc004/8700","1649-12/1650-01","Descartes, René (1596-1650)","Stockholm (se)","59.3251172, 18.0710935","Mare, Philibert de la (1615-1687)","[Dijon (fr)]","47.3215806, 5.0414701"
"desc004/8696","1649-12-04","Descartes, René (1596-1650)","Stockholm (se)","59.3251172, 18.0710935","Picot, Claude (1601-1668)","Paris (fr)","48.8566969, 2.3514616"
"desc004/8695","1649-12-04","Pfalz, Elisabeth von der (1618-1680)","[Krossen (de)]","51.9182711, 13.603749870298586","Descartes, René (1596-1650)","[Stockholm (se)]","59.3251172, 18.0710935"
"desc004/8697","1649-12-04","Descartes, René (1596-1650)","Stockholm (se)","59.3251172, 18.0710935","Huygens, Constantijn (1596-1687)","Den Haag (nl)","52.0799838, 4.3113461"
"desc004/8698","1649-12-18","Descartes, René (1596-1650)","Stockholm (se)","59.3251172, 18.0710935","Flécelles, Nicolas de (1615-1689)","[Hamburg (de)]","53.550341, 10.000654"
"desc004/8699","1649-12-25","Descartes, René (1596-1650)","Stockholm (se)","59.3251172, 18.0710935","Picot, Claude (1601-1668)","Paris (fr)","48.8566969, 2.3514616"
"huyg003/0080","1650","Huygens, Christiaan (1629-1695)","?",,"?","?",
"desc004/8703","1650-01-15","Descartes, René (1596-1650)","Stockholm (se)","59.3251172, 18.0710935","Picot, Claude (1601-1668)","Paris (fr)","48.8566969, 2.3514616"
"desc004/8702","1650-01-15","Descartes, René (1596-1650)","Stockholm (se)","59.3251172, 18.0710935","Flécelles, Nicolas de (1615-1689)","[Paris (fr)]","48.8566969, 2.3514616"
"huyg003/0083","1650-05-29","Huygens, Constantijn (1628-1697)","Roma (it)","41.8933203, 12.4829321","Huygens, Christiaan (1629-1695)","[Den Haag (nl)]","52.0799838, 4.3113461"
"huyg001/5050","1650-07-26","Huygens, Constantijn (1596-1687)","[Den Haag (nl)]","52.0799838, 4.3113461","Chanut, Pierre (1601-1662)","[Stockholm (se)]","59.3251172, 18.0710935"
"huyg001/5323","1653-12-31","Huygens, Constantijn (1596-1687)","[Den Haag (nl)]","52.0799838, 4.3113461","Pfalz, Elisabeth von der (1618-1680)","[Den Haag (nl)]","52.0799838, 4.3113461"
"huyg003/0266","1656-02","Huygens, Christiaan (1629-1695)","[Den Haag (nl)]","52.0799838, 4.3113461","Mocchi, T.B. (fl. 1656)","Paris (fr)","48.8566969, 2.3514616"
"huyg003/0279","1656-04-15","Mylon, Claude (1618-1660)","Paris (fr)","48.8566969, 2.3514616","Huygens, Christiaan (1629-1695)","Den Haag (nl)","52.0799838, 4.3113461"
"huyg003/0311","1656-07-06","Roberval, Gilles Personne de (1602-1675)","Paris (fr)","48.8566969, 2.3514616","Huygens, Christiaan (1629-1695)","Den Haag (nl)","52.0799838, 4.3113461"
"huyg003/0320","1656-07-28","Schooten, Frans van (1615-1660)","Leiden (nl)","52.1518157, 4.4811088666204295","Huygens, Christiaan (1629-1695)","Den Haag (nl)","52.0799838, 4.3113461"
"huyg003/0324","1656-08-04","Roberval, Gilles Personne de (1602-1675)","Paris (fr)","48.8566969, 2.3514616","Huygens, Christiaan (1629-1695)","Den Haag (nl)","52.0799838, 4.3113461"
"huyg003/0327","1656-08-24","Chapelain, Jean (1595-1674)","Paris (fr)","48.8566969, 2.3514616","Huygens, Christiaan (1629-1695)","Den Haag (nl)","52.0799838, 4.3113461"
"huyg003/0371","1657-03-02","Mylon, Claude (1618-1660)","Paris (fr)","48.8566969, 2.3514616","Huygens, Christiaan (1629-1695)","[Den Haag (nl)]","52.0799838, 4.3113461"
"huyg003/0455a","1658-02-01","Sorbière, Samuel (1615-1670)","Paris (fr)","48.8566969, 2.3514616","Hobbes, Thomas (1588-1679)","?",
"huyg003/0675","1659-10-15","Chapelain, Jean (1595-1674)","Paris (fr)","48.8566969, 2.3514616","Huygens, Christiaan (1629-1695)","Den Haag (nl)","52.0799838, 4.3113461"
"huyg003/0695","1659-12-18","Chapelain, Jean (1595-1674)","Paris (fr)","48.8566969, 2.3514616","Huygens, Christiaan (1629-1695)","Den Haag (nl)","52.0799838, 4.3113461"
"huyg003/0726","1660-03-06","Carcavy, Pierre de (1600-1684)","[Paris (fr)]","48.8566969, 2.3514616","Huygens, Christiaan (1629-1695)","Den Haag (nl)","52.0799838, 4.3113461"
"huyg003/0754","1660-06-25","Carcavy, Pierre de (1600-1684)","Paris (fr)","48.8566969, 2.3514616","Huygens, Christiaan (1629-1695)","[Den Haag (nl)]","52.0799838, 4.3113461"
"huyg003/0826","1660-12","Huygens, Constantijn (1596-1687)","?",,"Conrart, Valentin (1603-1675)","[Paris (fr)]",
"huyg003/0875","1661-07-20","Chapelain, Jean (1595-1674)","Paris (fr)","48.8566969, 2.3514616","Huygens, Christiaan (1629-1695)","Den Haag (nl)","52.0799838, 4.3113461"
"huyg003/0990","1662-01-01","Fermat, Pierre de (1601-1665)","Toulon (fr)","43.1257311, 5.9304919","Cureau de la Chambre, Marin (1594-1669)","?",
"huyg003/1024","1662-06-15","Chapelain, Jean (1595-1674)","Paris (fr)","48.8566969, 2.3514616","Huygens, Christiaan (1629-1695)","Den Haag (nl)","52.0799838, 4.3113461"
"huyg003/1516","1666-01-21","Huygens, Constantijn (1596-1687)","Den Haag (nl)","52.0799838, 4.3113461","Habert de Montmort, Henri Louis (1600-1679)","[Paris (fr)]","48.8566969, 2.3514616"
"huyg003/1622","1668-01","Mariotte, Edme (1620-1684)","[Dijon (fr)]","47.3215806, 5.0414701","Huygens, Christiaan (1629-1695)","[Paris (fr)]","48.8566969, 2.3514616"
"nier005/0044","1669?","?","?",,"Nierop, Dirck Rembrantsz van (1610-1682)","[Nieuwe Niedorp (nl)]",
"huyg003/1899","1672-07","Huygens, Christiaan (1629-1695)","[Paris (fr)]","48.8566969, 2.3514616","Gallois, Jean (1632-1707)","[Paris (fr)]","48.8566969, 2.3514616"
"huyg003/2024","1675","Hautefeuille, Jean de (1647-1724)","?",,"?","?",
"huyg003/2094","1676-09-05","Dierkens, Salomon (1641-1703)","Den Haag (nl)","52.0799838, 4.3113461","Huygens, Christiaan (1629-1695)","Den Haag (nl)","52.0799838, 4.3113461"
"huyg003/2192","1679-09-08","Leibniz, Gottfried Wilhelm (1646-1716)","Hannover (de)","52.3744779, 9.7385532","Huygens, Christiaan (1629-1695)","[Paris (fr)]","48.8566969, 2.3514616"
"huyg003/2220","1680-03-24","Hire, Philippe de la (1640-1718)","Paris (fr)","48.8566969, 2.3514616","Huygens, Christiaan (1629-1695)","Paris (fr)","48.8566969, 2.3514616"
"leeu027/0082","1685-01-05","Leeuwenhoek, Antoni van (1632-1723)","Delft (nl)","51.999457199999995, 4.362724538543995","Royal Society (London)","London (gb)","51.5073219, -0.1276474"
"huyg003/2454","1687-04-20","Hire, Philippe de la (1640-1718)","Paris (fr)","48.8566969, 2.3514616","Huygens, Christiaan (1629-1695)","[Den Haag (nl)]","52.0799838, 4.3113461"
"huyg003/2506","1687-12-14","Lannion, de (fl. 1687-1688)","Paris (fr)","48.8566969, 2.3514616","Huygens, Christiaan (1629-1695)","[Den Haag (nl)]","52.0799838, 4.3113461"
"huyg003/2616","1690-08-30","Hire, Philippe de la (1640-1718)","Paris (fr)","48.8566969, 2.3514616","Huygens, Christiaan (1629-1695)","[Den Haag (nl)]","52.0799838, 4.3113461"
"huyg003/2640","1690-12-06","Papin, Denis (1647-1712)","Marburg (de)","50.8117327, 8.7757742","Huygens, Christiaan (1629-1695)","[Den Haag (nl)]","52.0799838, 4.3113461"
"huyg003/2667","1691-03-26","Huygens, Christiaan (1629-1695)","Den Haag (nl)","52.0799838, 4.3113461","Leibniz, Gottfried Wilhelm (1646-1716)","[Hannover (de)]","52.3744779, 9.7385532"
"huyg003/2765","1692-09-10","Hospital, Guillaume François Antoine de l' (1661-1704)","Oucques (fr)","47.823421350000004, 1.2932768971370905","Huygens, Christiaan (1629-1695)","[Den Haag (nl)]","52.0799838, 4.3113461"
"huyg003/2793","1693-02","Huygens, Christiaan (1629-1695)","[Den Haag (nl)]","52.0799838, 4.3113461","Basnage de Beauval, Henri (1657-1710)","?",
"huyg003/2787","1693-02-12","Hospital, Guillaume François Antoine de l' (1661-1704)","Paris (fr)","48.8566969, 2.3514616","Huygens, Christiaan (1629-1695)","[Den Haag (nl)]","52.0799838, 4.3113461"
"huyg003/2801","1693-04-09","Huygens, Christiaan (1629-1695)","Den Haag (nl)","52.0799838, 4.3113461","Hospital, Guillaume François Antoine de l' (1661-1704)","[Paris (fr)]","48.8566969, 2.3514616"
"huyg003/2807","1693-07-02","Hospital, Guillaume François Antoine de l' (1661-1704)","Paris (fr)","48.8566969, 2.3514616","Huygens, Christiaan (1629-1695)","[Den Haag (nl)]","52.0799838, 4.3113461"
"huyg003/2815","1693-08-10","Hospital, Guillaume François Antoine de l' (1661-1704)","Paris (fr)","48.8566969, 2.3514616","Huygens, Christiaan (1629-1695)","[Den Haag (nl)]","52.0799838, 4.3113461"
"huyg003/2838","1693-11-25","Hospital, Guillaume François Antoine de l' (1661-1704)","Oucques (fr)","47.823421350000004, 1.2932768971370905","Huygens, Christiaan (1629-1695)","[Den Haag (nl)]","52.0799838, 4.3113461"
"huyg003/2843","1694-01-18","Hospital, Guillaume François Antoine de l' (1661-1704)","Paris (fr)","48.8566969, 2.3514616","Huygens, Christiaan (1629-1695)","[Den Haag (nl)]","52.0799838, 4.3113461"
"huyg003/2879","1694-10-04","Hospital, Guillaume François Antoine de l' (1661-1704)","Paris (fr)","48.8566969, 2.3514616","Huygens, Christiaan (1629-1695)","Den Haag (nl)","52.0799838, 4.3113461"
"huyg003/2892","1695-03-14","Hospital, Guillaume François Antoine de l' (1661-1704)","Paris (fr)","48.8566969, 2.3514616","Huygens, Christiaan (1629-1695)","Den Haag (nl)","52.0799838, 4.3113461"
"huyg003/2894","1695-07-26","Leibniz, Gottfried Wilhelm (1646-1716)","[Hannover (de)]","52.3744779, 9.7385532","Basnage de Beauval, Henri (1657-1710)","?",
"leeu027/0227","1701-06-21","Leeuwenhoek, Antoni van (1632-1723)","Delft (nl)","51.999457199999995, 4.362724538543995","Sloane, Hans (1660-1753)","[London (gb)]","51.5073219, -0.1276474"
"huyg003/0798","?","Magalotti, Lorenzo (1637-1712)","?",,"Medici, Leopoldo de (1617-1675)","[Firenze (it)]",
"nier005/0075","?","Nierop, Dirck Rembrantsz van (1610-1682)","[Nieuwe Niedorp (nl)]","52.7375152, 4.8925528","Droomers, Joannes (fl. 1681-1682)","Brugge (be)","51.2085526, 3.226772"
