id	created_at	retweets	likes	text	language	user_mentions
1504591064933535752	2022-03-17 22:50:38+00:00	6	0	RT @Ncknwmn: An unpublished toon for a good cause‚Ä¶ Support Ukraine Stop Putin. Please retweet if you agree #Ukraine #War #StopPutin https:‚Ä¶	en	1
1504591063910129670	2022-03-17 22:50:38+00:00	408	0	RT @nexta_tv: #Lebanon is the first Arab country that supported #Ukraine in the fight against #Russian aggression. https://t.co/f6xi7Dile4	en	1
1504591062739742732	2022-03-17 22:50:37+00:00	27	0	RT @actlikezelensky: @ZelenskyyUa #4 ‚Äî the artist ‚Äî is out now via @foundation  He‚Äôd love this #NFT. He could make one himself. Or he‚Äôd bu‚Ä¶	en	3
1504591061402152960	2022-03-17 22:50:37+00:00	0	0	#India has said it was ready to "engage" in #diplomacy to end the war in #Ukraine.  "Prime Minister #NarendraModi h‚Ä¶ https://t.co/3PXAifAq1W	en	0
1504591060173225987	2022-03-17 22:50:37+00:00	27	0	RT @actlikezelensky: @ZelenskyyUa #4 ‚Äî the artist ‚Äî is out now via @foundation  He‚Äôd love this #NFT. He could make one himself. Or he‚Äôd bu‚Ä¶	en	3
1504591057748647943	2022-03-17 22:50:36+00:00	4509	0	RT @dariofrance: Italy is ready to rebuild the Theatre of #Mariupol. The cabinet of Ministers has approved my proposal to offer #Ukraine th‚Ä¶	en	1
1504591056247177235	2022-03-17 22:50:36+00:00	266	0	RT @WHO: LIVE: @DrTedros briefs the @UN Security Council on the health crisis in #Ukraine https://t.co/4YUNDMySjU	en	3
1504591054657490949	2022-03-17 22:50:36+00:00	171	0	RT @dfatirl: ‚ÄúN√≠ neart go cur le ch√©ile‚Äù ‚ÄúThere is strength in Unity‚Äù On this #StPatricksDay   #Ireland üáÆüá™ lights up Blue &amp; Yellow üá∫üá¶ in‚Ä¶	en	1
1504591053403430913	2022-03-17 22:50:35+00:00	300	0	RT @AdamKinzinger: The evil #Putin is bombing food (think about it‚Ä¶ FOOD) for one reason‚Ä¶ pain to compel surrender. They are using planes‚Ä¶	en	1
1504591053344714754	2022-03-17 22:50:35+00:00	767	0	RT @sommervilletv: WATCH: The defenders of Kharkiv our latest for @BBCNews @BBCWorld. @dcinfocus @StuHollandEsq Liuba and Serge. Full vide‚Ä¶	en	5
1504591052648460288	2022-03-17 22:50:35+00:00	4509	0	RT @dariofrance: Italy is ready to rebuild the Theatre of #Mariupol. The cabinet of Ministers has approved my proposal to offer #Ukraine th‚Ä¶	en	1
1504591051964751873	2022-03-17 22:50:35+00:00	0	0	I think #Karma is finally coming home to roost for Putin and Assad. Karma is kicking all their asses and using the‚Ä¶ https://t.co/HqlW4dfAWE	en	0
1504591050379309056	2022-03-17 22:50:35+00:00	408	0	RT @nexta_tv: #Lebanon is the first Arab country that supported #Ukraine in the fight against #Russian aggression. https://t.co/f6xi7Dile4	en	1
1504591050328915968	2022-03-17 22:50:35+00:00	2	0	RT @djcetincetin006: #Russians have #diabetes probably a lot of them because they are #attacking the #candies in #Regals they are eating‚Ä¶	en	1
1504591050228133905	2022-03-17 22:50:34+00:00	27	0	RT @actlikezelensky: @ZelenskyyUa #4 ‚Äî the artist ‚Äî is out now via @foundation  He‚Äôd love this #NFT. He could make one himself. Or he‚Äôd bu‚Ä¶	en	3
1504591050068967428	2022-03-17 22:50:34+00:00	4509	0	RT @dariofrance: Italy is ready to rebuild the Theatre of #Mariupol. The cabinet of Ministers has approved my proposal to offer #Ukraine th‚Ä¶	en	1
1504591049645125641	2022-03-17 22:50:34+00:00	27	0	RT @actlikezelensky: @ZelenskyyUa #4 ‚Äî the artist ‚Äî is out now via @foundation  He‚Äôd love this #NFT. He could make one himself. Or he‚Äôd bu‚Ä¶	en	3
1504591048735141888	2022-03-17 22:50:34+00:00	408	0	RT @nexta_tv: #Lebanon is the first Arab country that supported #Ukraine in the fight against #Russian aggression. https://t.co/f6xi7Dile4	en	1
1504591048651075602	2022-03-17 22:50:34+00:00	27	0	RT @actlikezelensky: @ZelenskyyUa #4 ‚Äî the artist ‚Äî is out now via @foundation  He‚Äôd love this #NFT. He could make one himself. Or he‚Äôd bu‚Ä¶	en	3
1504591046738690052	2022-03-17 22:50:34+00:00	1	0	RT @michellenichols: The U.N. Security Council will no longer vote on Friday on a Russian-drafted call for aid access and civilian protecti‚Ä¶	en	1
1504591046172639233	2022-03-17 22:50:34+00:00	651	0	RT @iingwen: On Holocaust Remembrance Day in Taiwan we remembered the victims of this tragedy &amp; reminded ourselves how important it is to‚Ä¶	en	1
1504591044981059607	2022-03-17 22:50:33+00:00	1013	0	RT @HannaLiubakova: #Ukraine In Kyiv President @ZelenskyyUa met with the prime ministers of Poland Czechia and Slovenia. This is an impor‚Ä¶	en	2
1504591044859600905	2022-03-17 22:50:33+00:00	200	0	RT @TonyHussein4: Don Jr. was mocked for saying his father should join Nato talks about the war in #Ukraine.  A better idea would to send‚Ä¶	en	1
1504591044423397384	2022-03-17 22:50:33+00:00	0	0	Canon fodder!  What a waste #Dictatorputin   Ukraine resistance Give 'em hell!! #Ukraine #UkraineWillResist‚Ä¶ https://t.co/RsT54hWtls	en	0
1504591044285026306	2022-03-17 22:50:33+00:00	0	0	@BetteisBack #JoeBiden announced he has covid (he does not) said #KamalaHarris is the "first lady" called‚Ä¶ https://t.co/XUZKmX7vwX	en	1
1504591041273507841	2022-03-17 22:50:32+00:00	1358	0	RT @AnonOpsSE: Today it became well known that @Nestle refuses to leave the Russian market they will continue to pay taxes there thus sup‚Ä¶	en	2
1504591040061267972	2022-03-17 22:50:32+00:00	144	0	RT @DeepNetAnon: #Ukraine programmers have designed a site where you can play sudoko and simultaneously generate heavy traffic to Russian A‚Ä¶	en	1
1504591039075479556	2022-03-17 22:50:32+00:00	0	0	#SouthAfrican President Cyril Ramaphosa on Thursday blamed #NATO for the war in #Ukraine and said he would resist c‚Ä¶ https://t.co/A3wxbkKq8o	en	0
1504591037829890048	2022-03-17 22:50:32+00:00	6109	0	RT @DariaSipigina: Bridge at a #Ukrainian-Romanian border crossing.  Border guards left toys for Ukrainian children so that every child pa‚Ä¶	en	1
1504591037343350791	2022-03-17 22:50:31+00:00	65	0	RT @NTenzer: Deeply moving: this huge hedge of honor paying the last tributes to a dead soldier. The primary difference between Putin's reg‚Ä¶	en	1
1504591032926629918	2022-03-17 22:50:30+00:00	445	0	RT @olex_scherba: #Ukraine‚Äôs chief rabbi congratulates on the holiday of #Purim - with the song ‚ÄúMy #Kyiv you are impossible not to love!‚Äù‚Ä¶	en	1
1504591029185429504	2022-03-17 22:50:29+00:00	2	0	RT @bib_ish: @DrTedros the #NYT also wrote about hospitals bing bombed in #Ukraine &amp; the killing of #NYT journalists in #Ukraine sir. You d‚Ä¶	en	2
1504591028992737281	2022-03-17 22:50:29+00:00	4	0	RT @FCShakhtar_eng: üìç Kharkiv today ‚†Ä üìÖ 17/03/2022 ‚†Ä #StopRussianAggression #–£–∫—Ä–∞—ó–Ω–∞ #Ukraine #StandWithUkraine https://t.co/B9xS8jLDV2	en	1
1504591026559676451	2022-03-17 22:50:29+00:00	1	0	RT @politicalME2016: A video from #Ukraine. The caption reads "To understand whether Putin is expected in Ukraine just look at how Ukrain‚Ä¶	en	1
1504591024827637765	2022-03-17 22:50:28+00:00	1700	0	RT @nexta_tv: The Belarusian Volunteer Battalion named after Kastus Kalinovsky will come to help the Armed Forces of Ukraine in breaking th‚Ä¶	en	1
1504591024596963336	2022-03-17 22:50:28+00:00	1700	0	RT @nexta_tv: The Belarusian Volunteer Battalion named after Kastus Kalinovsky will come to help the Armed Forces of Ukraine in breaking th‚Ä¶	en	1
1504591022311018498	2022-03-17 22:50:28+00:00	4509	0	RT @dariofrance: Italy is ready to rebuild the Theatre of #Mariupol. The cabinet of Ministers has approved my proposal to offer #Ukraine th‚Ä¶	en	1
1504591021316796434	2022-03-17 22:50:28+00:00	188	0	RT @strategywoman: 8:18 pm in #Ukraine  My dark war stats 22 days (or ages) 108 children killed more than 120 injured. Mariupol is 80-90‚Ä¶	en	1
1504591019295543296	2022-03-17 22:50:27+00:00	27	0	RT @actlikezelensky: @ZelenskyyUa #4 ‚Äî the artist ‚Äî is out now via @foundation  He‚Äôd love this #NFT. He could make one himself. Or he‚Äôd bu‚Ä¶	en	3
1504591016296390661	2022-03-17 22:50:26+00:00	4509	0	RT @dariofrance: Italy is ready to rebuild the Theatre of #Mariupol. The cabinet of Ministers has approved my proposal to offer #Ukraine th‚Ä¶	en	1
1504591014970990595	2022-03-17 22:50:26+00:00	41	0	RT @WarintheFuture: One of the challenges of large scale operations is achieving rear area security. It requires committing forces to secur‚Ä¶	en	1
1504591013532381185	2022-03-17 22:50:26+00:00	767	0	RT @sommervilletv: WATCH: The defenders of Kharkiv our latest for @BBCNews @BBCWorld. @dcinfocus @StuHollandEsq Liuba and Serge. Full vide‚Ä¶	en	5
1504591013377187845	2022-03-17 22:50:26+00:00	1936	0	RT @UAWeapons: #Ukraine: The Ukrainian Farmers Brigade one of the strongest military powers in the world captured another Russian BTR-80‚Ä¶	en	1
1504591012634587141	2022-03-17 22:50:26+00:00	218	0	RT @hi_sight: Great to see @Naturewatch_org and @dotslondon on their way with medical care for animals fleeing #Ukraine today #UKrainePaws‚Ä¶	en	3
1504591009833189378	2022-03-17 22:50:25+00:00	27	0	RT @actlikezelensky: @ZelenskyyUa #4 ‚Äî the artist ‚Äî is out now via @foundation  He‚Äôd love this #NFT. He could make one himself. Or he‚Äôd bu‚Ä¶	en	3
1504591009799413761	2022-03-17 22:50:25+00:00	3	0	RT @SturmDaniel: ‚ÄûPresident #Biden stop #Putin now!‚Äú #Ukraine #PutinsWar üá∫üá¶üá∫üá∏ @welt https://t.co/qobxs942yc	en	2
1504591009254195201	2022-03-17 22:50:25+00:00	681	0	RT @UAWeapons: #Ukraine: Apparent new footage of an obliterated Russian convoy approximately 12x trucks 2x T-80BV(M) and an apparent BMP‚Ä¶	en	1
1504591008868229120	2022-03-17 22:50:25+00:00	6	0	RT @UkraineNews0: üá∫üá¶#Ukraine | U.S. Secretary of State says #Russia may be planning a chemical weapons attack.	en	1
1504591007471398919	2022-03-17 22:50:24+00:00	6109	0	RT @DariaSipigina: Bridge at a #Ukrainian-Romanian border crossing.  Border guards left toys for Ukrainian children so that every child pa‚Ä¶	en	1
1504591007169589257	2022-03-17 22:50:24+00:00	681	0	RT @UAWeapons: #Ukraine: Apparent new footage of an obliterated Russian convoy approximately 12x trucks 2x T-80BV(M) and an apparent BMP‚Ä¶	en	1
1504591006326353948	2022-03-17 22:50:24+00:00	0	0	@CZingelis @olgatokariuk Perhaps all of those eastern orthodox followers of that patriarch are murderers thiefs r‚Ä¶ https://t.co/7Gb2u4Nok7	en	2
1504591003935780872	2022-03-17 22:50:23+00:00	1936	0	RT @UAWeapons: #Ukraine: The Ukrainian Farmers Brigade one of the strongest military powers in the world captured another Russian BTR-80‚Ä¶	en	1
1504591002048385031	2022-03-17 22:50:23+00:00	0	0	@440Chargerrt #JoeBiden announced he has covid (he does not) said #KamalaHarris is the "first lady" called‚Ä¶ https://t.co/GQrILfD4we	en	1
1504591001322770436	2022-03-17 22:50:23+00:00	4509	0	RT @dariofrance: Italy is ready to rebuild the Theatre of #Mariupol. The cabinet of Ministers has approved my proposal to offer #Ukraine th‚Ä¶	en	1
1504590999401738244	2022-03-17 22:50:22+00:00	248	0	RT @UAWeapons: #Ukraine: Locals somewhere in UA dealing with an abandoned BM-21 Grad pattern MRL. https://t.co/703ovV8t2V	en	1
1504590998277484553	2022-03-17 22:50:22+00:00	27	0	RT @actlikezelensky: @ZelenskyyUa #4 ‚Äî the artist ‚Äî is out now via @foundation  He‚Äôd love this #NFT. He could make one himself. Or he‚Äôd bu‚Ä¶	en	3
1504590997401051143	2022-03-17 22:50:22+00:00	0	0	@nftceoclub #NFTart to support Ukraine üá∫üá¶. All proceeds will be donated to aid for #Ukraineüíõüíô https://t.co/DVCYM77bMY	en	1
1504590993986924547	2022-03-17 22:50:21+00:00	69	0	RT @TheLastRefuge2: 1) Serious question about #Ukraine.  Keep in mind this ‚Äúwar‚Äù is taking place inside a nation with widespread open inter‚Ä¶	en	1
1504590993030623236	2022-03-17 22:50:21+00:00	408	0	RT @nexta_tv: #Lebanon is the first Arab country that supported #Ukraine in the fight against #Russian aggression. https://t.co/f6xi7Dile4	en	1
1504590992631951360	2022-03-17 22:50:21+00:00	3809	0	RT @MrKovalenko: The #Ukraine #firefighters are also heroes at this war. In this video you can see too tired capital #Kyiv firefighters aft‚Ä¶	en	1
1504590990421917698	2022-03-17 22:50:20+00:00	170	0	RT @UAWeapons: #Ukraine: The Russian army abandoned a Ural AS-4350.1 medevac truck under uncertain circumstances. As a result the vehicle‚Ä¶	en	1
1504590989515665409	2022-03-17 22:50:20+00:00	27	0	RT @actlikezelensky: @ZelenskyyUa #4 ‚Äî the artist ‚Äî is out now via @foundation  He‚Äôd love this #NFT. He could make one himself. Or he‚Äôd bu‚Ä¶	en	3
1504590986533654528	2022-03-17 22:50:19+00:00	331	0	RT @LeahHardingAJE: #Biafra + #Palestine crying out for help too. #Ukraine  (the original is on the right) https://t.co/kSW25ldlPP	en	1
1504590985720135680	2022-03-17 22:50:19+00:00	27	0	RT @actlikezelensky: @ZelenskyyUa #4 ‚Äî the artist ‚Äî is out now via @foundation  He‚Äôd love this #NFT. He could make one himself. Or he‚Äôd bu‚Ä¶	en	3
1504590985208152068	2022-03-17 22:50:19+00:00	218	0	RT @hi_sight: Great to see @Naturewatch_org and @dotslondon on their way with medical care for animals fleeing #Ukraine today #UKrainePaws‚Ä¶	en	3
1504590985090994177	2022-03-17 22:50:19+00:00	27	0	RT @actlikezelensky: @ZelenskyyUa #4 ‚Äî the artist ‚Äî is out now via @foundation  He‚Äôd love this #NFT. He could make one himself. Or he‚Äôd bu‚Ä¶	en	3
1504590984923033611	2022-03-17 22:50:19+00:00	1	0	RT @JTchouteu: #Putin#Russiasanctions and what is next? https://t.co/GTsCqTAvfg  #–ö–∏—ó–≤ #–•–∞—Ä–∫—ñ–≤ #–û–¥–µ—Å–∞ #–î–Ω—ñ–ø—Ä–æ #–î–æ–Ω–µ—Ü—å–∫ #–ó–∞–ø–æ—Ä—ñ–∂–∂—è #–õ—å–≤—ñ–≤‚Ä¶	en	1
1504590982443986966	2022-03-17 22:50:18+00:00	27	0	RT @actlikezelensky: @ZelenskyyUa #4 ‚Äî the artist ‚Äî is out now via @foundation  He‚Äôd love this #NFT. He could make one himself. Or he‚Äôd bu‚Ä¶	en	3
1504590982230298626	2022-03-17 22:50:18+00:00	408	0	RT @nexta_tv: #Lebanon is the first Arab country that supported #Ukraine in the fight against #Russian aggression. https://t.co/f6xi7Dile4	en	1
1504590982162968588	2022-03-17 22:50:18+00:00	27	0	RT @actlikezelensky: @ZelenskyyUa #4 ‚Äî the artist ‚Äî is out now via @foundation  He‚Äôd love this #NFT. He could make one himself. Or he‚Äôd bu‚Ä¶	en	3
1504590982075097097	2022-03-17 22:50:18+00:00	219	0	RT @dfatirl: ‚ÄúAr sc√°th a ch√©ile a mhaireann na daoine‚Äù ‚ÄúWe live in each other‚Äôs shelter‚Äù 100 years ago #Ireland üáÆüá™ built an independent‚Ä¶	en	1
1504590979646566407	2022-03-17 22:50:18+00:00	639	0	RT @UAWeapons: #Ukraine: In #Mykolaiv Oblast the Ukrainian Border Guards seized a (full) Russian Ammo Truck. https://t.co/QcbUZZFljn	en	1
1504590978568814592	2022-03-17 22:50:17+00:00	27	0	RT @actlikezelensky: @ZelenskyyUa #4 ‚Äî the artist ‚Äî is out now via @foundation  He‚Äôd love this #NFT. He could make one himself. Or he‚Äôd bu‚Ä¶	en	3
1504590977582964749	2022-03-17 22:50:17+00:00	69	0	RT @TheLastRefuge2: 1) Serious question about #Ukraine.  Keep in mind this ‚Äúwar‚Äù is taking place inside a nation with widespread open inter‚Ä¶	en	1
1504590974688899078	2022-03-17 22:50:16+00:00	408	0	RT @nexta_tv: #Lebanon is the first Arab country that supported #Ukraine in the fight against #Russian aggression. https://t.co/f6xi7Dile4	en	1
1504590974558912513	2022-03-17 22:50:16+00:00	767	0	RT @sommervilletv: WATCH: The defenders of Kharkiv our latest for @BBCNews @BBCWorld. @dcinfocus @StuHollandEsq Liuba and Serge. Full vide‚Ä¶	en	5
1504590973459959813	2022-03-17 22:50:16+00:00	445	0	RT @olex_scherba: #Ukraine‚Äôs chief rabbi congratulates on the holiday of #Purim - with the song ‚ÄúMy #Kyiv you are impossible not to love!‚Äù‚Ä¶	en	1
1504590972650672129	2022-03-17 22:50:16+00:00	27	0	RT @actlikezelensky: @ZelenskyyUa #4 ‚Äî the artist ‚Äî is out now via @foundation  He‚Äôd love this #NFT. He could make one himself. Or he‚Äôd bu‚Ä¶	en	3
1504590972226879496	2022-03-17 22:50:16+00:00	3	0	RT @carjaw: Israeli aggression would be impossible without the constant lavish support &amp; protection of #America which is anything but a ne‚Ä¶	en	1
1504590971992162305	2022-03-17 22:50:16+00:00	27	0	RT @actlikezelensky: @ZelenskyyUa #4 ‚Äî the artist ‚Äî is out now via @foundation  He‚Äôd love this #NFT. He could make one himself. Or he‚Äôd bu‚Ä¶	en	3
1504590970729418758	2022-03-17 22:50:16+00:00	38	0	RT @DecoupleMedia: What dangers do #Russia's attacks on #Ukraine #nuclear plants pose? Has the media been yelling fire in a crowded theatre‚Ä¶	en	1
1504590969894629391	2022-03-17 22:50:15+00:00	27	0	RT @actlikezelensky: @ZelenskyyUa #4 ‚Äî the artist ‚Äî is out now via @foundation  He‚Äôd love this #NFT. He could make one himself. Or he‚Äôd bu‚Ä¶	en	3
1504590969827692546	2022-03-17 22:50:15+00:00	0	0	@InnaSovsun Russia wants a weak #Ukraine militarily!	en	1
1504590969324376072	2022-03-17 22:50:15+00:00	1203	0	RT @InnaSovsun: "Maybe #Ukraine should agree to the neutral status in exchange for #russian troops withdrawal?" I get this question a lot.‚Ä¶	en	1
1504590969261502469	2022-03-17 22:50:15+00:00	1041	0	RT @nexta_tv: The captive occupier was speechless after he was shown the consequences of the ‚ÄúRussian world‚Äù in #Ukraine. https://t.co/AT2x‚Ä¶	en	1
1504590969123049478	2022-03-17 22:50:15+00:00	1110	0	RT @NATOpress: We face a new reality for our security due to #Russia‚Äôs illegal invasion of #Ukraine. In response #NATO has reinforced its‚Ä¶	en	1
1504590968804233220	2022-03-17 22:50:15+00:00	0	0	Not the same as TB2 #ukraine https://t.co/iUxLSq2Xw0 https://t.co/RiNfuWdmIu	en	0
1504590968661622786	2022-03-17 22:50:15+00:00	672	0	RT @UAWeapons: #Ukraine: Dramatic footage of a UA Su-25 crash near #Kherson on Feb 26th.  During this incident the Ukrainian Air Force lo‚Ä¶	en	1
1504590966178652160	2022-03-17 22:50:14+00:00	6109	0	RT @DariaSipigina: Bridge at a #Ukrainian-Romanian border crossing.  Border guards left toys for Ukrainian children so that every child pa‚Ä¶	en	1
1504590965289283592	2022-03-17 22:50:14+00:00	27	0	RT @actlikezelensky: @ZelenskyyUa #4 ‚Äî the artist ‚Äî is out now via @foundation  He‚Äôd love this #NFT. He could make one himself. Or he‚Äôd bu‚Ä¶	en	3
1504590965243326469	2022-03-17 22:50:14+00:00	0	0	55% of Italians are against the government sending weapons to #Ukraine according to this survey. https://t.co/oexWzO04CJ	en	0
1504590964123475970	2022-03-17 22:50:14+00:00	4509	0	RT @dariofrance: Italy is ready to rebuild the Theatre of #Mariupol. The cabinet of Ministers has approved my proposal to offer #Ukraine th‚Ä¶	en	1
1504590963150360581	2022-03-17 22:50:14+00:00	61	0	RT @gbazov: #MARIUPOL‚Äî#1‚ÄîInterviews with #Ukraine|ian refugees evacuating to #Russia-controlled zones. [Transcript in 2nd tweet] 1/2 #Ukrai‚Ä¶	en	1
1504590962395336713	2022-03-17 22:50:14+00:00	171	0	RT @dfatirl: ‚ÄúN√≠ neart go cur le ch√©ile‚Äù ‚ÄúThere is strength in Unity‚Äù On this #StPatricksDay   #Ireland üáÆüá™ lights up Blue &amp; Yellow üá∫üá¶ in‚Ä¶	en	1
1504590961015468038	2022-03-17 22:50:13+00:00	11070	0	RT @KadriSimson: The electricity grids of #Ukraine &amp; #Moldova have been successfully synchronised with the Continental European Grid. This‚Ä¶	en	1
1504590959975100427	2022-03-17 22:50:13+00:00	1	0	RT @Bernd__Neuner: Reminder to the warmongers who split a promising young country: The Declaration on State Sovereignty of #Ukraine (1990)‚Ä¶	en	1
1504590959493148672	2022-03-17 22:50:13+00:00	27	0	RT @actlikezelensky: @ZelenskyyUa #4 ‚Äî the artist ‚Äî is out now via @foundation  He‚Äôd love this #NFT. He could make one himself. Or he‚Äôd bu‚Ä¶	en	3
1504590957962014725	2022-03-17 22:50:12+00:00	408	0	RT @nexta_tv: #Lebanon is the first Arab country that supported #Ukraine in the fight against #Russian aggression. https://t.co/f6xi7Dile4	en	1
1504590957647478785	2022-03-17 22:50:12+00:00	9	0	RT @CatholicNewsSvc: Cardinal @jesuitczerny is back in #Ukraine in U≈æhorod near the border with Slovakia. He visited the town's sports cen‚Ä¶	en	2
1504590957425090568	2022-03-17 22:50:12+00:00	0	0	@ChrisW699902 #JoeBiden announced he has covid (he does not) said #KamalaHarris is the "first lady" called‚Ä¶ https://t.co/lrizda102E	en	1
1504590957122973697	2022-03-17 22:50:12+00:00	922	0	RT @RedDogT3: Those were civilians trying to leave. I see suitcases NOT weapons.  #UkraineRussianWar #Ukraine needs help before more human‚Ä¶	en	1
1504590955977928747	2022-03-17 22:50:12+00:00	27	0	RT @actlikezelensky: @ZelenskyyUa #4 ‚Äî the artist ‚Äî is out now via @foundation  He‚Äôd love this #NFT. He could make one himself. Or he‚Äôd bu‚Ä¶	en	3
1504590955692888070	2022-03-17 22:50:12+00:00	299	0	RT @AdamKinzinger: The evil #Putin is bombing food (think about it‚Ä¶ FOOD) for one reason‚Ä¶ pain to compel surrender. They are using planes‚Ä¶	en	1
1504590955177029632	2022-03-17 22:50:12+00:00	408	0	RT @nexta_tv: #Lebanon is the first Arab country that supported #Ukraine in the fight against #Russian aggression. https://t.co/f6xi7Dile4	en	1
1504590955072176128	2022-03-17 22:50:12+00:00	4509	0	RT @dariofrance: Italy is ready to rebuild the Theatre of #Mariupol. The cabinet of Ministers has approved my proposal to offer #Ukraine th‚Ä¶	en	1
1504590954937958404	2022-03-17 22:50:12+00:00	1276	0	RT @AdamKinzinger: We need to ensure we are giving #Ukraine all the weapons needed for OFFENSIVE use.  We cannot allow #Russia to gain a si‚Ä¶	en	1
1504590954933669897	2022-03-17 22:50:12+00:00	2	0	RT @aintbanksy: ‚ÄòThese are the dark times but they don't sustain. Darkness never sustains even though sometimes it feels like it might.‚Äô‚Ä¶	en	1
1504590954866814981	2022-03-17 22:50:12+00:00	27	0	RT @actlikezelensky: @ZelenskyyUa #4 ‚Äî the artist ‚Äî is out now via @foundation  He‚Äôd love this #NFT. He could make one himself. Or he‚Äôd bu‚Ä¶	en	3
1504590954589614116	2022-03-17 22:50:12+00:00	498	0	RT @AnonOpsSE: Don't be surprised about @Nestle it's the same CEO that believes access to clean drinking water is not a human rights issue‚Ä¶	en	2
1504590954149330953	2022-03-17 22:50:12+00:00	70	0	RT @TheLastRefuge2: 1) Serious question about #Ukraine.  Keep in mind this ‚Äúwar‚Äù is taking place inside a nation with widespread open inter‚Ä¶	en	1
1504590953436180486	2022-03-17 22:50:11+00:00	38	0	RT @CovertShores: **UPDATE**  Appears that the #Russian Navy were off Odessa #Ukraine again. The middle group appear to be landing ships‚Ä¶	en	1
1504590952907825155	2022-03-17 22:50:11+00:00	0	0	This is just so incredibly sad. I told my husband when #Ukraine *wins* this war - I want to go over &amp; help them reb‚Ä¶ https://t.co/wpBStIMM0d	en	0
1504590947338035200	2022-03-17 22:50:10+00:00	27	0	RT @actlikezelensky: @ZelenskyyUa #4 ‚Äî the artist ‚Äî is out now via @foundation  He‚Äôd love this #NFT. He could make one himself. Or he‚Äôd bu‚Ä¶	en	3
1504590946742288387	2022-03-17 22:50:10+00:00	65	0	RT @ZuzanaCaputova: The Allied unity is as strong as ever. With @SecDef Austin we discussed defence cooperation and our mutual support for‚Ä¶	en	2
1504590945727049733	2022-03-17 22:50:10+00:00	5500	0	RT @dfatirl: ‚ÄúAr sc√°th a ch√©ile a mhaireann na daoine‚Äù ‚ÄúWe live in each other‚Äôs shelter‚Äù  On this #StPatricksDay #Ireland üáÆüá™ stands in s‚Ä¶	en	1
1504590945391677441	2022-03-17 22:50:09+00:00	7	0	RT @dcbat: Should the #UnitedStates #offer #asylum to #civilians #fleeing #Ukraine? #retweet #poll	en	1
1504590945077149699	2022-03-17 22:50:09+00:00	129	0	RT @whatimemetosay: Zelensky speaks to congress  #Zelensky #Ukraine https://t.co/Sr43zsMiSE	en	1
1504590944397668359	2022-03-17 22:50:09+00:00	946	0	RT @edgarsrinkevics: Russian war crimes tribunal should not be held in Nuremberg or the Hague but in Mariupol or Kharkiv those responsible‚Ä¶	en	1
1504590941939810307	2022-03-17 22:50:09+00:00	2963	0	RT @catalintenita: The toy bridge.  Romanian border police and citizens have turned the pedestrian bridge linking #Ukraine and Romania at‚Ä¶	en	1
1504590941310566405	2022-03-17 22:50:09+00:00	70	0	RT @TheLastRefuge2: 1) Serious question about #Ukraine.  Keep in mind this ‚Äúwar‚Äù is taking place inside a nation with widespread open inter‚Ä¶	en	1
1504590941151064066	2022-03-17 22:50:08+00:00	27	0	RT @actlikezelensky: @ZelenskyyUa #4 ‚Äî the artist ‚Äî is out now via @foundation  He‚Äôd love this #NFT. He could make one himself. Or he‚Äôd bu‚Ä¶	en	3
1504590941142675461	2022-03-17 22:50:08+00:00	39397	0	RT @CanadaNATO: Geography can be tough. Here‚Äôs a guide for Russian soldiers who keep getting lost &amp; ‚Äòaccidentally‚Äô entering #Ukraine http:/‚Ä¶	en	1
1504590940849287171	2022-03-17 22:50:08+00:00	45	0	RT @ChiActivist312: Our Politicians care more about going to war in #Ukraine than they ever will care about you &amp; your family. They care mo‚Ä¶	en	1
1504590940761120775	2022-03-17 22:50:08+00:00	6109	0	RT @DariaSipigina: Bridge at a #Ukrainian-Romanian border crossing.  Border guards left toys for Ukrainian children so that every child pa‚Ä¶	en	1
1504590940698079281	2022-03-17 22:50:08+00:00	200	0	RT @TonyHussein4: Don Jr. was mocked for saying his father should join Nato talks about the war in #Ukraine.  A better idea would to send‚Ä¶	en	1
1504590939246972934	2022-03-17 22:50:08+00:00	13	0	RT @STEPHMHAMILL: Congressman @SheriffTNehls @stuartscheller @TPUSA‚Äôs @yoalexrapz @Jillie_Alexis @chrismarko @theMRC‚Äôs @dangainor  wil‚Ä¶	en	9
1504590938634653699	2022-03-17 22:50:08+00:00	708	0	RT @nexta_tv: Colonel Sergei Sukharev commander of the Kostroma Airborne Regiment was slain in #Ukraine. https://t.co/lPnvvCGhyG	en	1
1504590938567372812	2022-03-17 22:50:08+00:00	97	0	RT @Joyce_Karam: What were normal Ukrainian cities with shops bike lanes and city squares are now reduced to rubble. Before/After imagery‚Ä¶	en	1
1504590938420793352	2022-03-17 22:50:08+00:00	242	0	RT @YourAnonTV: MORE: Since declaring 'cyber war' on Kremlin's criminal regime #Anonymous has hacked over 2500 websites of Russian &amp; Belar‚Ä¶	en	1
1504590938131562496	2022-03-17 22:50:08+00:00	27	0	RT @actlikezelensky: @ZelenskyyUa #4 ‚Äî the artist ‚Äî is out now via @foundation  He‚Äôd love this #NFT. He could make one himself. Or he‚Äôd bu‚Ä¶	en	3
1504590936164036611	2022-03-17 22:50:07+00:00	13	0	RT @KateWilliamsme: All power to brave Bolshoi prima ballerina Olga Smirnova for speaking out about #Ukraine ‚Äòwe cannot remain indifferent‚Äô‚Ä¶	en	1
1504590935694401543	2022-03-17 22:50:07+00:00	300	0	RT @AdamKinzinger: The evil #Putin is bombing food (think about it‚Ä¶ FOOD) for one reason‚Ä¶ pain to compel surrender. They are using planes‚Ä¶	en	1
1504590934796816388	2022-03-17 22:50:07+00:00	6109	0	RT @DariaSipigina: Bridge at a #Ukrainian-Romanian border crossing.  Border guards left toys for Ukrainian children so that every child pa‚Ä¶	en	1
1504590933186252806	2022-03-17 22:50:07+00:00	19	0	RT @bctallis: It really seems that German policy and discourse on #Ukraine moves at the speed of shame.	en	1
1504590932804399123	2022-03-17 22:50:06+00:00	95	0	RT @PutDownPutin: #nestle won‚Äôt exit #russia üá∑üá∫ so please stop buying their products!! #ukraine https://t.co/mzGBj8MHUr	en	1
1504590931441250319	2022-03-17 22:50:06+00:00	27	0	RT @actlikezelensky: @ZelenskyyUa #4 ‚Äî the artist ‚Äî is out now via @foundation  He‚Äôd love this #NFT. He could make one himself. Or he‚Äôd bu‚Ä¶	en	3
1504590930149531657	2022-03-17 22:50:06+00:00	738	0	RT @UkraineWarPosts: A heartwarming video has emerged from Ukraine. A #Ukrainian soldier feeds a stray dog the dog then cuddles the soldie‚Ä¶	en	1
1504590927289106433	2022-03-17 22:50:05+00:00	164	0	RT @MOFA_Taiwan: Humanitarian supplies donated by #Taiwan's freedom- &amp; democracy-loving people are en route to the kindred spirits of #Ukra‚Ä¶	en	1
1504590927284903941	2022-03-17 22:50:05+00:00	3809	0	RT @MrKovalenko: The #Ukraine #firefighters are also heroes at this war. In this video you can see too tired capital #Kyiv firefighters aft‚Ä¶	en	1
1504590926416474133	2022-03-17 22:50:05+00:00	1	0	RT @StPeterSudbury: You may have noticed the Ukrainian flag is now flying from St Peter's to show solidarity with the everyday people who a‚Ä¶	en	1
1504590926043303939	2022-03-17 22:50:05+00:00	964	0	RT @UAWeapons: #Ukraine: A Russian convoy consisting of a T-72B3 tank 2 MT-LB 5 BMP-3 and 1 BMP-2 IFVs was destroyed by the Ukrainian f‚Ä¶	en	1
1504590916857774083	2022-03-17 22:50:03+00:00	47	0	RT @mi6rogue: Wow &amp; I mean wow Chinese state media report Putin has killed civilians. The American diplomatic meeting with the Chinese wor‚Ä¶	en	1
1504590916710854657	2022-03-17 22:50:03+00:00	0	0	@aaanewsjapan All Russian Soldiers is it your true job in your life ?  Are you fighting for Russia or Putin?‚Ä¶ https://t.co/l3bdY3MhpH	en	1
1504590913250775050	2022-03-17 22:50:02+00:00	0	2	A Ukrainian machine gunner was wounded during a battle with the Russian Armed Forces in the Kiev region.  The bulle‚Ä¶ https://t.co/FNICVXgJoj	en	0
1504590912571195397	2022-03-17 22:50:02+00:00	0	0	R.I.P  Ukrainian Actress Oksana Shvets #Ukraine #Kyiv #PutinWarCriminal #RussianInvasion #ClosetheSkyoverUkraine https://t.co/qU4bzQNNjR	en	0
1504590912139063297	2022-03-17 22:50:02+00:00	1936	0	RT @UAWeapons: #Ukraine: The Ukrainian Farmers Brigade one of the strongest military powers in the world captured another Russian BTR-80‚Ä¶	en	1
1504590910499270660	2022-03-17 22:50:01+00:00	1700	0	RT @nexta_tv: The Belarusian Volunteer Battalion named after Kastus Kalinovsky will come to help the Armed Forces of Ukraine in breaking th‚Ä¶	en	1
1504590910083981315	2022-03-17 22:50:01+00:00	5	0	RT @EpochOpinion: Opinionüí≠by Stu Cvrk One more massive failure by the Biden administration on before November will cement the electoral wi‚Ä¶	en	1
1504590908720926725	2022-03-17 22:50:01+00:00	2	0	RT @bib_ish: @DrTedros the #NYT also wrote about hospitals bing bombed in #Ukraine &amp; the killing of #NYT journalists in #Ukraine sir. You d‚Ä¶	en	2
1504590908687327232	2022-03-17 22:50:01+00:00	3809	0	RT @MrKovalenko: The #Ukraine #firefighters are also heroes at this war. In this video you can see too tired capital #Kyiv firefighters aft‚Ä¶	en	1
1504590908607676421	2022-03-17 22:50:01+00:00	0	0	Vladimir Putin did not arrive from outer space on an abalone shell. This is how he went from the virtually unknown‚Ä¶ https://t.co/MFILw9UWOw	en	0
1504590906044739585	2022-03-17 22:50:00+00:00	5756	0	RT @YourAnonOne: The #Anonymous collective has sent 7.000.000 anti-war texts to Russian cell phone users to tell them the truth about Putin‚Ä¶	en	1
1504590905692594176	2022-03-17 22:50:00+00:00	5	0	RT @AlexanderSoros: As Putin‚Äôs bombs rain down on #Ukraine US-chartered ships are still trading #fossilfuels out of Russian ports. They're‚Ä¶	en	1
1504590905130381319	2022-03-17 22:50:00+00:00	0	0	spot goods #Ukraine #StopRussia #UkraineUnderAttack #Zelensky #Poland https://t.co/Ur4RAANhoR	en	0
1504590904564273158	2022-03-17 22:50:00+00:00	0	1	US President #JoeBiden flatly called Russia's #VladimirPutin a ‚Äúwar criminal‚Äù for the unfolding onslaught in‚Ä¶ https://t.co/eiPRa46LJI	en	0
1504590904505552912	2022-03-17 22:50:00+00:00	0	0	#Ukraine #WHUSEV And breathe. What a result We are massive.	en	0
1504590903410892804	2022-03-17 22:49:59+00:00	66	0	RT @halyapuff: Entire family and people queuing for bread killed by #Russia bombing #Chernihiv in #Ukraine  #StandWithUkraine #PutinWarCrim‚Ä¶	en	1
1504590902349774854	2022-03-17 22:49:59+00:00	0	0	Only by the grace of God was this not a major catastrophe but we must save Mariupol.  Biden should announce an aid‚Ä¶ https://t.co/6U6nayieVz	en	0
1504590900453732369	2022-03-17 22:49:59+00:00	0	0	@GOP This is what a dictator does like #putin who killing innocent civilians #Ukraine #trump would be allowed to s‚Ä¶ https://t.co/yeAGEGvSk6	en	1
1504590899413757961	2022-03-17 22:49:59+00:00	311	0	RT @UAWeapons: #Ukraine: A Russian T-72B obr. 1989 with damaged tracks was captured by the Ukrainian forces in #Kyiv Oblast. Note the prese‚Ä¶	en	1
1504590898620993536	2022-03-17 22:49:58+00:00	0	0	Addressing all Russians and moms of #Russiansoldiers fighting in #Ukraine #Zelenskyy asked them to speak up and in‚Ä¶ https://t.co/m9LuoY36VB	en	0
1504590898046201875	2022-03-17 22:49:58+00:00	15	0	RT @Wictorianart: I hope the war will be over soon.  #ukraine #UkraineRussianWar #art https://t.co/CutdcEVNXn	en	1
1504590897379434511	2022-03-17 22:49:58+00:00	175	0	RT @EmmettLesterSan: Russian soldiers confronted by Ukrainian civilians. Soldiers: "Do you understand if we leave we will be deserters?"‚Ä¶	en	1
1504590896431607812	2022-03-17 22:49:58+00:00	1	0	RT @EliasMezaCota: Destroyed Ukrainian S-300PS air defense system (4 launchers and radar) near the city of Svatovo in the Lugansk region #‚Ä¶	en	1
1504590895802466321	2022-03-17 22:49:58+00:00	445	0	RT @olex_scherba: #Ukraine‚Äôs chief rabbi congratulates on the holiday of #Purim - with the song ‚ÄúMy #Kyiv you are impossible not to love!‚Äù‚Ä¶	en	1
1504590894800027653	2022-03-17 22:49:57+00:00	0	0	A mother who has come to the UK after escaping the conflict in Ukraine spoke of her experience at a reception at Ha‚Ä¶ https://t.co/pXQtKR49V7	en	0
1504590894196002829	2022-03-17 22:49:57+00:00	0	0	@EricGreitens #JoeBiden announced he has covid (he does not) said #KamalaHarris is the "first lady" called‚Ä¶ https://t.co/NtTcNPJzVy	en	1
1504590894120505347	2022-03-17 22:49:57+00:00	0	0	Sharing my new @SatEvePost Considering History column for the evening crowd. The story of the first (1608!) Ukraini‚Ä¶ https://t.co/BN7Ey0wXYz	en	1
1504590892216246275	2022-03-17 22:49:57+00:00	61	0	RT @ThomasVLinge: #Ukraine üá∫üá¶: according to the deputy mayor of #Mariupol around 80-90% of the city has been destroyed. Footage emerging f‚Ä¶	en	1
1504590891742556160	2022-03-17 22:49:57+00:00	1	0	RT @realLOshGZE: #USA cares about everyone else's borders but theirs.... #Ukraine  #PutinWarCriminal https://t.co/ittRhDFJg0	en	1
1504590889745674247	2022-03-17 22:49:56+00:00	8	0	RT @BennettCartoons: 3/18/2022- Resilience #Ukraine #UkrainianResistance #UkraineUnderAttack #UkraineRussiaWar #russianinvasion #sunflower‚Ä¶	en	1
1504590888349188097	2022-03-17 22:49:56+00:00	6109	0	RT @DariaSipigina: Bridge at a #Ukrainian-Romanian border crossing.  Border guards left toys for Ukrainian children so that every child pa‚Ä¶	en	1
1504590887862554625	2022-03-17 22:49:56+00:00	408	0	RT @nexta_tv: #Lebanon is the first Arab country that supported #Ukraine in the fight against #Russian aggression. https://t.co/f6xi7Dile4	en	1
1504590887510290432	2022-03-17 22:49:56+00:00	154	0	RT @I_Katchanovski: I research #RussianUkrainianWar as scholar &amp; specialize in researching wars massacres genocides &amp; other cases of poli‚Ä¶	en	1
1504590886969044996	2022-03-17 22:49:56+00:00	2	2	@DrTedros the #NYT also wrote about hospitals bing bombed in #Ukraine &amp; the killing of #NYT journalists in #Ukraine‚Ä¶ https://t.co/FCiQVTdboH	en	1
1504590885924663322	2022-03-17 22:49:55+00:00	300	0	RT @AdamKinzinger: The evil #Putin is bombing food (think about it‚Ä¶ FOOD) for one reason‚Ä¶ pain to compel surrender. They are using planes‚Ä¶	en	1
1504590883697668097	2022-03-17 22:49:55+00:00	0	0	Following #WWII and massive #USSR losses #Germany embarked on and maintained a policy of reconciliation even AFTE‚Ä¶ https://t.co/UMvlAaGBQo	en	0
1504590881264963584	2022-03-17 22:49:54+00:00	1204	0	RT @InnaSovsun: "Maybe #Ukraine should agree to the neutral status in exchange for #russian troops withdrawal?" I get this question a lot.‚Ä¶	en	1
1504590880816177155	2022-03-17 22:49:54+00:00	1	0	RT @ChrishaModis: Music for your Playlist - 'Loops' by Modis Chrisha - uplifting electronic music  -  #Motivation #Spotify #music  #Peace #‚Ä¶	en	1
1504590880203759616	2022-03-17 22:49:54+00:00	2963	0	RT @catalintenita: The toy bridge.  Romanian border police and citizens have turned the pedestrian bridge linking #Ukraine and Romania at‚Ä¶	en	1
1504590880186978304	2022-03-17 22:49:54+00:00	7	0	RT @nigroeneveld: üá∫üá¶‚ö°Ô∏èNationality breakdown of Ukraine's foreign legion - #military #osint #ukraine https://t.co/LPnzOZm2tY	en	1
1504590880065392643	2022-03-17 22:49:54+00:00	2	0	RT @LionelLuttenba1: Vue a√©rienne de Karkiv l'on distingue clairement les impacts de l'artillerie au sol. #Kharkiv #OSINT #Ukraine  Aerial‚Ä¶	en	1
1504590878987460614	2022-03-17 22:49:54+00:00	6110	0	RT @DariaSipigina: Bridge at a #Ukrainian-Romanian border crossing.  Border guards left toys for Ukrainian children so that every child pa‚Ä¶	en	1
1504590878790279171	2022-03-17 22:49:54+00:00	55	0	RT @DominicFarrell: Many Russian generals are talking on unsecured phones and radios and in at least one instance the UA intercepted a gene‚Ä¶	en	1
1504590876491800582	2022-03-17 22:49:53+00:00	4510	0	RT @dariofrance: Italy is ready to rebuild the Theatre of #Mariupol. The cabinet of Ministers has approved my proposal to offer #Ukraine th‚Ä¶	en	1
1504590874763739140	2022-03-17 22:49:53+00:00	7314	0	RT @LatestAnonPress: The Hague International Court of Justice has ordered Russia to halt the invasion of #Ukraine immediately.	en	1
1504590874482819075	2022-03-17 22:49:53+00:00	6110	0	RT @DariaSipigina: Bridge at a #Ukrainian-Romanian border crossing.  Border guards left toys for Ukrainian children so that every child pa‚Ä¶	en	1
1504590874365337604	2022-03-17 22:49:53+00:00	0	0	@mhmck I‚Äôm German and I feel ashamed about what happened in the Bundestag. I also feel ashamed that we send antiqu‚Ä¶ https://t.co/LCiXcRPHbR	en	1
1504590874252038150	2022-03-17 22:49:53+00:00	0	0	Provide #Ukraine with humanitarian assistance not the lethal weapons.	en	0
1504590873933320193	2022-03-17 22:49:52+00:00	167	0	RT @Anna_Danuta_Maj: #Nestle and #Danone stay in Russia and pay Putin's taxes. Let's boycott! #Boycott #Ukraine #StandWithUkraine  #Ukrain‚Ä¶	en	1
1504590873883033602	2022-03-17 22:49:52+00:00	332	0	RT @PenFarthing: Just a little exciting! üòÅ 1st delivery of food for a desperate animal shelter in #Ukraine is heading to our staging post i‚Ä¶	en	1
1504590872935120897	2022-03-17 22:49:52+00:00	190	0	RT @UAWeapons: #Ukraine: (Likely) in #Luhansk Oblast the Ukrainian Army captured a BMP-1 and a MT-12 "Rapira" 100mm AT gun along with amm‚Ä¶	en	1
1504590872721174530	2022-03-17 22:49:52+00:00	0	2	A Ukrainian machine gunner was wounded during a battle with the Russian Armed Forces in the Kiev region.  The bulle‚Ä¶ https://t.co/cYTchw9j1E	en	0
1504590871450243076	2022-03-17 22:49:52+00:00	334	0	RT @UAWeapons: #Ukraine: After an attack the Ukrainian 25th Airborne Brigade captured a BTR-82A and an MT-LB from Russian Forces. Precise‚Ä¶	en	1
1504590869483171842	2022-03-17 22:49:51+00:00	1936	0	RT @UAWeapons: #Ukraine: The Ukrainian Farmers Brigade one of the strongest military powers in the world captured another Russian BTR-80‚Ä¶	en	1
1504590866047856658	2022-03-17 22:49:51+00:00	11	0	RT @KamikazeJapan5: Let‚Äôs start #boycottnestle Spread the word we do what we always do encourage people worldwide to boycott all the compa‚Ä¶	en	1
1504590864878030850	2022-03-17 22:49:50+00:00	4	0	RT @raging545: VIDEO from today of brave unarmed Ukrainian civilians protesting in Berdyansk in SE. Ukraine against Russia`s occupation of‚Ä¶	en	1
1504590864697507843	2022-03-17 22:49:50+00:00	6	0	RT @SWUSHSaints: Incredible donation from Queens Park Primary School! Great to see all the children getting behind @SWUSHSaints and support‚Ä¶	en	2
1504590864114409477	2022-03-17 22:49:50+00:00	129	0	RT @whatimemetosay: Zelensky speaks to congress  #Zelensky #Ukraine https://t.co/Sr43zsMiSE	en	1
1504590862239600646	2022-03-17 22:49:50+00:00	0	0	U.S. Ambassador to the United Nations Linda Thomas-Greenfield told Reuters after the meeting: "The only people who‚Ä¶ https://t.co/OxiDa3PNfw	en	0
1504590861392297984	2022-03-17 22:49:49+00:00	172	0	RT @TWMCLtd: This is incredibly emotional and respectful. I've witnessed this in 2014 when Russia first invaded #Ukraine. A fallen soldier‚Ä¶	en	1
1504590861232967693	2022-03-17 22:49:49+00:00	66	0	RT @halyapuff: Entire family and people queuing for bread killed by #Russia bombing #Chernihiv in #Ukraine  #StandWithUkraine #PutinWarCrim‚Ä¶	en	1
1504590860591288324	2022-03-17 22:49:49+00:00	14	0	RT @RevolutionSyria: Lest we forget. #Russia didn‚Äôt fight in #Syria but bombed defenceless civilians hospitals medical centres schools‚Ä¶	en	1
1504590858565271552	2022-03-17 22:49:49+00:00	2	0	RT @LionelLuttenba1: Vue a√©rienne de Karkiv l'on distingue clairement les impacts de l'artillerie au sol. #Kharkiv #OSINT #Ukraine  Aerial‚Ä¶	en	1
1504590858464768005	2022-03-17 22:49:49+00:00	7	0	RT @nigroeneveld: üá∫üá¶‚ö°Ô∏èNationality breakdown of Ukraine's foreign legion - #military #osint #ukraine https://t.co/LPnzOZm2tY	en	1
1504590858183745548	2022-03-17 22:49:49+00:00	8	0	RT @MeiravEShahar: Our aid knows no border. The üáÆüá±#ShiningStar humanitarian operation expands with the deployment of a field hospital in th‚Ä¶	en	1
1504590857768480768	2022-03-17 22:49:49+00:00	498	0	RT @AnonOpsSE: Don't be surprised about @Nestle it's the same CEO that believes access to clean drinking water is not a human rights issue‚Ä¶	en	2
1504590855784570886	2022-03-17 22:49:48+00:00	64	0	RT @DominicFarrell: Who'd have thought that the 'mighty' #RussianArmy would become a laughing stock in a matter of weeks? This will hurt an‚Ä¶	en	1
1504590855230963718	2022-03-17 22:49:48+00:00	59	0	RT @ArgentinaCorre: WHO chief @DrTedros has urged the world not to forget the humanitarian crisis in #Tigray saying that even amid the war‚Ä¶	en	2
1504590854425563143	2022-03-17 22:49:48+00:00	115	0	RT @UNDP: In #Ukraine every day of delayed peace will accelerate a freefall into poverty. According to our early projections almost 1/3‚Ä¶	en	1
1504590850109501448	2022-03-17 22:49:47+00:00	16346	0	RT @Pontifex: With an aching heart I add my voice to that of the common people who implore the end of the war. In the name of God listen‚Ä¶	en	1
1504590849350504456	2022-03-17 22:49:47+00:00	0	0	@RoosterFJB #JoeBiden announced he has covid (he does not) said #KamalaHarris is the "first lady" called‚Ä¶ https://t.co/tlxZuq776z	en	1
1504590848775929857	2022-03-17 22:49:46+00:00	59	0	RT @ArgentinaCorre: WHO chief @DrTedros has urged the world not to forget the humanitarian crisis in #Tigray saying that even amid the war‚Ä¶	en	2
1504590848062803971	2022-03-17 22:49:46+00:00	47	0	RT @Militarylandnet: üì∑ Russian checkpoint on the outskirts of #Mariupol #Ukraine #UkraineRussiaWar https://t.co/nji9LT0fcF	en	1
1504590845273587718	2022-03-17 22:49:46+00:00	0	0	Sooo basically Putin is mad bc #Ukraine is kicking their butts - and here he goes w the threat again. It is what is‚Ä¶ https://t.co/fSZA9BUp9W	en	0
1504590843310714889	2022-03-17 22:49:45+00:00	2	0	RT @aintbanksy: ‚ÄòThese are the dark times but they don't sustain. Darkness never sustains even though sometimes it feels like it might.‚Äô‚Ä¶	en	1
1504590842559967242	2022-03-17 22:49:45+00:00	1	0	RT @ChrishaModis: Music for your Playlist - 'Silence' by Modis Chrisha - emotional electronic music  -  #Motivation #Spotify #music  #Peace‚Ä¶	en	1
1504590841905442831	2022-03-17 22:49:45+00:00	70	0	RT @TheLastRefuge2: 1) Serious question about #Ukraine.  Keep in mind this ‚Äúwar‚Äù is taking place inside a nation with widespread open inter‚Ä¶	en	1
1504590838684438528	2022-03-17 22:49:44+00:00	108	0	RT @gbazov: #FLASH‚Äî#IMPORTANT‚ÄîOver the course of the last 24 hours #Russia|n forces were able to save from #Ukraine|ian forces and neo-#Na‚Ä¶	en	1
1504590838147465218	2022-03-17 22:49:44+00:00	11	0	RT @eduardheger: #Powerful talk w/@SecDef. A #security map of #Europe has changed as a result of #Russia‚Äôs agression against #Ukraine. As o‚Ä¶	en	2
1504590837061021702	2022-03-17 22:49:44+00:00	300	0	RT @AdamKinzinger: The evil #Putin is bombing food (think about it‚Ä¶ FOOD) for one reason‚Ä¶ pain to compel surrender. They are using planes‚Ä¶	en	1
1504590834699628546	2022-03-17 22:49:43+00:00	300	0	RT @AdamKinzinger: The evil #Putin is bombing food (think about it‚Ä¶ FOOD) for one reason‚Ä¶ pain to compel surrender. They are using planes‚Ä¶	en	1
1504590833676439553	2022-03-17 22:49:43+00:00	1	0	RT @ChrishaModis: Music for your Playlist - 'Orbit' by Modis Chrisha - uplifting electronic music  -  #Motivation #Spotify #music  #Peace #‚Ä¶	en	1
1504590832871034887	2022-03-17 22:49:43+00:00	0	0	We Stand Together - Charity Single for Ukraine (Official Video) https://t.co/NYFcHr4Cs9 #georgia #ukraine	en	0
1504590829549150209	2022-03-17 22:49:42+00:00	1936	0	RT @UAWeapons: #Ukraine: The Ukrainian Farmers Brigade one of the strongest military powers in the world captured another Russian BTR-80‚Ä¶	en	1
1504590829540634640	2022-03-17 22:49:42+00:00	4510	0	RT @dariofrance: Italy is ready to rebuild the Theatre of #Mariupol. The cabinet of Ministers has approved my proposal to offer #Ukraine th‚Ä¶	en	1
1504590828920094726	2022-03-17 22:49:42+00:00	1599	0	RT @nexta_tv: President of #Ukraine Volodymyr Zelenskyy awarded the Mayor of #Melitopol Ivan Fedorov who was released from captivity wit‚Ä¶	en	1
1504590822469165060	2022-03-17 22:49:40+00:00	1358	0	RT @AnonOpsSE: Today it became well known that @Nestle refuses to leave the Russian market they will continue to pay taxes there thus sup‚Ä¶	en	2
1504590817310167045	2022-03-17 22:49:39+00:00	311	0	RT @UAWeapons: #Ukraine: A Russian T-72B obr. 1989 with damaged tracks was captured by the Ukrainian forces in #Kyiv Oblast. Note the prese‚Ä¶	en	1
1504590815737298948	2022-03-17 22:49:39+00:00	1	0	RT @Cinecraig: Utterly inspiring: Ukrainian soliders and volunteers fought back a #Russian takeover in a Ukrainian village https://t.co/FZq‚Ä¶	en	1
1504590815380885508	2022-03-17 22:49:38+00:00	242	0	RT @YourAnonTV: MORE: Since declaring 'cyber war' on Kremlin's criminal regime #Anonymous has hacked over 2500 websites of Russian &amp; Belar‚Ä¶	en	1
1504590814655262721	2022-03-17 22:49:38+00:00	4510	0	RT @dariofrance: Italy is ready to rebuild the Theatre of #Mariupol. The cabinet of Ministers has approved my proposal to offer #Ukraine th‚Ä¶	en	1
1504590814579675144	2022-03-17 22:49:38+00:00	7	0	RT @rte: On the day Irish heritage is celebrated all over the world many of those who turned out showed solidarity with the people of #Ukr‚Ä¶	en	1
1504590813350801411	2022-03-17 22:49:38+00:00	301	0	RT @AdamKinzinger: The evil #Putin is bombing food (think about it‚Ä¶ FOOD) for one reason‚Ä¶ pain to compel surrender. They are using planes‚Ä¶	en	1
1504590811996033027	2022-03-17 22:49:38+00:00	0	0	@FreeStateFl #JoeBiden announced he has covid (he does not) said #KamalaHarris is the "first lady" called‚Ä¶ https://t.co/ksrSD4gvwp	en	1
1504590806275051520	2022-03-17 22:49:36+00:00	2260	0	RT @olex_scherba: Meet German BASF Group one of Putin‚Äôs biggest investors. They stay in #Russia. They don‚Äôt care. 80 years ago they co-pro‚Ä¶	en	1
1504590806216110109	2022-03-17 22:49:36+00:00	41	0	RT @EmineDzheppar: #Kharkiv #Ukraine.  Aftermath of the #Russian shelling.  #RussiaInvadedUkraine #StandWithUkraine #StopRussianAgression‚Ä¶	en	1
1504590805373276161	2022-03-17 22:49:36+00:00	119	0	RT @PaschalSheehy: As a gesture of solidarity with the people of #Ukraine this #StPatricksDay a giant sunflower ‚Äì Ukraine‚Äôs national flowe‚Ä¶	en	1
1504590805209690114	2022-03-17 22:49:36+00:00	0	0	I am embarrassed by Democrats and Republicans who are whining about inflation and gas prices during a major war.  I‚Ä¶ https://t.co/fVXRLL0rr3	en	0
1504590802726666243	2022-03-17 22:49:35+00:00	466	0	RT @AndyOstroy: Will go down as one of the greatest leaders in history. Who agrees?  https://t.co/gvfyHidej5 #Zelensky #Ukraine	en	1
1504590802097479681	2022-03-17 22:49:35+00:00	1358	0	RT @AnonOpsSE: Today it became well known that @Nestle refuses to leave the Russian market they will continue to pay taxes there thus sup‚Ä¶	en	2
1504590798863613969	2022-03-17 22:49:35+00:00	562	0	RT @UAWeapons: #Ukraine: Something very interesting; the Ukrainian Army (Most likely the 93rd Mechanized Brigade) is now confirmed to be op‚Ä¶	en	1
1504590798029201409	2022-03-17 22:49:34+00:00	1599	0	RT @nexta_tv: President of #Ukraine Volodymyr Zelenskyy awarded the Mayor of #Melitopol Ivan Fedorov who was released from captivity wit‚Ä¶	en	1
1504590797886345222	2022-03-17 22:49:34+00:00	331	0	RT @LeahHardingAJE: #Biafra + #Palestine crying out for help too. #Ukraine  (the original is on the right) https://t.co/kSW25ldlPP	en	1
1504590797508853764	2022-03-17 22:49:34+00:00	3809	0	RT @MrKovalenko: The #Ukraine #firefighters are also heroes at this war. In this video you can see too tired capital #Kyiv firefighters aft‚Ä¶	en	1
1504590797404098562	2022-03-17 22:49:34+00:00	56	0	RT @tewerwari_1: The level of political sanctimony within z #US &amp; #UK corporate elite is in a state of nature. 2 weeks ago their unprovoked‚Ä¶	en	1
1504590796904755201	2022-03-17 22:49:34+00:00	408	0	RT @nexta_tv: #Lebanon is the first Arab country that supported #Ukraine in the fight against #Russian aggression. https://t.co/f6xi7Dile4	en	1
1504590791800496132	2022-03-17 22:49:33+00:00	39397	0	RT @CanadaNATO: Geography can be tough. Here‚Äôs a guide for Russian soldiers who keep getting lost &amp; ‚Äòaccidentally‚Äô entering #Ukraine http:/‚Ä¶	en	1
1504590791372648448	2022-03-17 22:49:33+00:00	11	0	RT @emilykschrader: Israel‚Äôs @mda_israel providing bulletproof ambulances to #Ukraine Incredible üáÆüá± üá∫üá¶ https://t.co/dLVb0K05Ls	en	2
1504590791364296705	2022-03-17 22:49:33+00:00	445	0	RT @olex_scherba: #Ukraine‚Äôs chief rabbi congratulates on the holiday of #Purim - with the song ‚ÄúMy #Kyiv you are impossible not to love!‚Äù‚Ä¶	en	1
1504590789858324492	2022-03-17 22:49:32+00:00	3	0	RT @DemocraticShift: @BreitbartNews Same goes for German moneyman &amp; svengali #PeterThiel &gt; freedom for #Ukraine undermines the anti-democra‚Ä¶	en	2
1504590784947011584	2022-03-17 22:49:31+00:00	105	0	RT @PMaurerICRC: I am in #Kyiv #Ukraine this week and make an urgent plea to the parties to the conflict. Even without a ceasefire there‚Ä¶	en	1
1504590784921841665	2022-03-17 22:49:31+00:00	331	0	RT @LeahHardingAJE: #Biafra + #Palestine crying out for help too. #Ukraine  (the original is on the right) https://t.co/kSW25ldlPP	en	1
1504590783415996418	2022-03-17 22:49:31+00:00	3809	0	RT @MrKovalenko: The #Ukraine #firefighters are also heroes at this war. In this video you can see too tired capital #Kyiv firefighters aft‚Ä¶	en	1
1504590782459781129	2022-03-17 22:49:31+00:00	10	0	RT @OpsAn0n: 79 gigabytes of emails from the OMEGA Company the R&amp;D department of Russia's state-controlled pipeline company #Transneft. #‚Ä¶	en	1
1504590776642191368	2022-03-17 22:49:29+00:00	0	0	A shithole perfect for the Ukrainian soldier.  #Ukraine #Russia #UkraineUnderAttack https://t.co/m3Rl97XsTg	en	0
1504590775337762825	2022-03-17 22:49:29+00:00	2260	0	RT @olex_scherba: Meet German BASF Group one of Putin‚Äôs biggest investors. They stay in #Russia. They don‚Äôt care. 80 years ago they co-pro‚Ä¶	en	1
1504590774851321862	2022-03-17 22:49:29+00:00	408	0	RT @nexta_tv: #Lebanon is the first Arab country that supported #Ukraine in the fight against #Russian aggression. https://t.co/f6xi7Dile4	en	1
1504590774259884033	2022-03-17 22:49:29+00:00	0	0	@DogmanTrump #JoeBiden announced he has covid (he does not) said #KamalaHarris is the "first lady" called‚Ä¶ https://t.co/PSnpDxLAdX	en	1
1504590771118395395	2022-03-17 22:49:28+00:00	31	0	RT @SergeRousskikh: 3. The most surprising development may be on the southern front where Podolyaka citing a #Ukraine military report su‚Ä¶	en	1
1504590770396753934	2022-03-17 22:49:28+00:00	0	0	Archive March 17 2022 - Leo talks the Ukraine does readings as well as tips for mediumships from his experiences.‚Ä¶ https://t.co/6MRibzeVXt	en	0
1504590770153656322	2022-03-17 22:49:28+00:00	2260	0	RT @olex_scherba: Meet German BASF Group one of Putin‚Äôs biggest investors. They stay in #Russia. They don‚Äôt care. 80 years ago they co-pro‚Ä¶	en	1
1504590769558073348	2022-03-17 22:49:28+00:00	181	0	RT @DrTedros: The life-saving medicine we need right now is peace. I urge the @UN Security Council to: 1Ô∏è‚É£ Work for an immediate ceasefire‚Ä¶	en	2
1504590768777875470	2022-03-17 22:49:27+00:00	170	0	RT @UAWeapons: #Ukraine: The Russian army abandoned a Ural AS-4350.1 medevac truck under uncertain circumstances. As a result the vehicle‚Ä¶	en	1
1504590768614387719	2022-03-17 22:49:27+00:00	1	0	RT @InfoGeek17: Italian soldiers in Ukraine wishing Ireland a happy st Patricks day #Ukraine #UkraineRussiaWar https://t.co/TrJ4WfTOO0	en	1
1504590768245248001	2022-03-17 22:49:27+00:00	4510	0	RT @dariofrance: Italy is ready to rebuild the Theatre of #Mariupol. The cabinet of Ministers has approved my proposal to offer #Ukraine th‚Ä¶	en	1
1504590767821451287	2022-03-17 22:49:27+00:00	106	0	RT @Blue_Sauron: Russian transport vehicle getting struck by the 226th battalion of the Ukrainian 127th brigade during a reconnaissance mis‚Ä¶	en	1
1504590767771119626	2022-03-17 22:49:27+00:00	49	0	RT @AndyOstroy: Any man who intentionally kills women pregnant women children babies is not a man. He‚Äôs a coward. A pathetic shitweasel.‚Ä¶	en	1
1504590767012159494	2022-03-17 22:49:27+00:00	301	0	RT @AdamKinzinger: The evil #Putin is bombing food (think about it‚Ä¶ FOOD) for one reason‚Ä¶ pain to compel surrender. They are using planes‚Ä¶	en	1
1504590766366244865	2022-03-17 22:49:27+00:00	302	0	RT @AdamKinzinger: The evil #Putin is bombing food (think about it‚Ä¶ FOOD) for one reason‚Ä¶ pain to compel surrender. They are using planes‚Ä¶	en	1
1504590765338550278	2022-03-17 22:49:27+00:00	70	0	RT @TheLastRefuge2: 1) Serious question about #Ukraine.  Keep in mind this ‚Äúwar‚Äù is taking place inside a nation with widespread open inter‚Ä¶	en	1
1504590765015588868	2022-03-17 22:49:26+00:00	153	0	RT @Militarylandnet: üìΩÔ∏èRussian convoy ambushed somewhere in #Ukraine #UkraineRussiaWar https://t.co/vFhBhmGcW1	en	1
1504590763463745537	2022-03-17 22:49:26+00:00	15	0	RT @sommervilletv: ‚ÄúThey left us with nothing‚Äù #—É–∫—Ä–∞—ó–Ω–∞  @OrlaGuerin and team with more @BBCNews  reporting from across #Ukraine	en	3
1504590763027480576	2022-03-17 22:49:26+00:00	6110	0	RT @DariaSipigina: Bridge at a #Ukrainian-Romanian border crossing.  Border guards left toys for Ukrainian children so that every child pa‚Ä¶	en	1
1504590761614094343	2022-03-17 22:49:26+00:00	4	0	RT @GlobalICM: The Ukrainian bishops have asked all Christians in #Ukraine and #Catholics all over the world to join in a novena in prepa‚Ä¶	en	1
1504590761387606019	2022-03-17 22:49:26+00:00	408	0	RT @nexta_tv: #Lebanon is the first Arab country that supported #Ukraine in the fight against #Russian aggression. https://t.co/f6xi7Dile4	en	1
1504590760972279808	2022-03-17 22:49:26+00:00	6110	0	RT @DariaSipigina: Bridge at a #Ukrainian-Romanian border crossing.  Border guards left toys for Ukrainian children so that every child pa‚Ä¶	en	1
1504590759932178441	2022-03-17 22:49:25+00:00	0	0	I love those military trucks. Dear russian army if you don't want them any more can I have one which still runs...‚Ä¶ https://t.co/OvwVgX7Wwb	en	0
1504590759558672396	2022-03-17 22:49:25+00:00	639	0	RT @UAWeapons: #Ukraine: In #Mykolaiv Oblast the Ukrainian Border Guards seized a (full) Russian Ammo Truck. https://t.co/QcbUZZFljn	en	1
1504590759416188937	2022-03-17 22:49:25+00:00	0	0	üö®üö® Important message from the President of the #Ukraine Association of Cognitive and Behavioral Therapyüö®üö®‚¨áÔ∏è‚¨áÔ∏è pleas‚Ä¶ https://t.co/j0MmhmpWFr	en	0
1504590758766166025	2022-03-17 22:49:25+00:00	408	0	RT @nexta_tv: #Lebanon is the first Arab country that supported #Ukraine in the fight against #Russian aggression. https://t.co/f6xi7Dile4	en	1
1504590757650481158	2022-03-17 22:49:25+00:00	118	0	RT @Militarylandnet: üìΩÔ∏è #Mariupol residential buildings destroyed as result of Russian shelling #Ukraine #UkraineRussiaWar https://t.co/7V‚Ä¶	en	1
1504590756312403968	2022-03-17 22:49:24+00:00	0	0	'India ready to engage in diplomacy to end Ukraine war' #India #Ukraine #socialnewsxyz https://t.co/lwXKI0KolN	en	0
1504590755133861895	2022-03-17 22:49:24+00:00	6110	0	RT @DariaSipigina: Bridge at a #Ukrainian-Romanian border crossing.  Border guards left toys for Ukrainian children so that every child pa‚Ä¶	en	1
1504590752906723332	2022-03-17 22:49:24+00:00	32	0	RT @hamada_pal2020: üáµüá∏#Palestine | Yet another display of Western hypocrisy cheering the boycott of #Russia over the war in #Ukraine but‚Ä¶	en	1
1504590752638279683	2022-03-17 22:49:24+00:00	2963	0	RT @catalintenita: The toy bridge.  Romanian border police and citizens have turned the pedestrian bridge linking #Ukraine and Romania at‚Ä¶	en	1
1504590751702917124	2022-03-17 22:49:23+00:00	174	0	RT @UAWeapons: #Ukraine: A Russian BMD-2 was seriously damaged during the Ukrainian forces counterattack in #Kyiv outskirts today. https://‚Ä¶	en	1
1504590751417745414	2022-03-17 22:49:23+00:00	0	0	What do you think about @Schwarzenegger video to the Russian people? #Ukraine  #UkraineWar  #IStandWithUkraine https://t.co/BK58pH5xaq	en	1
1504590749630877704	2022-03-17 22:49:23+00:00	0	0	@SCSsoftware trying to put the new #Ukraine skins to good use #ETS2 #StandWithUkriane  https://t.co/JTz84eLFnv https://t.co/W6WVJXbywj	en	1
1504590746493534212	2022-03-17 22:49:22+00:00	2403	0	RT @nexta_tv: Because of the war in #Ukraine the American biopharmaceutical company #AbbVie has suspended the supply of #Botox and #filler‚Ä¶	en	1
1504590746342637573	2022-03-17 22:49:22+00:00	701	0	RT @nexta_tv: British MP Tobias Ellwood called on #European companies remaining in the Russian Federation to leave the #Russian market so a‚Ä¶	en	1
1504590745742848001	2022-03-17 22:49:22+00:00	0	0	@NYCLee5 #JoeBiden announced he has covid (he does not) said #KamalaHarris is the "first lady" called #DougEmhoff‚Ä¶ https://t.co/1dXOW6z0LS	en	1
1504590745738620931	2022-03-17 22:49:22+00:00	768	0	RT @sommervilletv: WATCH: The defenders of Kharkiv our latest for @BBCNews @BBCWorld. @dcinfocus @StuHollandEsq Liuba and Serge. Full vide‚Ä¶	en	5
1504590744312500226	2022-03-17 22:49:22+00:00	2	0	RT @Westsahara1976: @USUN @USAmbUN @africanews @UN #Morocco was absent at the votation of the  @UN GA on #Ukraine. Why? Isn‚Äôt Morocco #Moh‚Ä¶	en	6
1504590742940966916	2022-03-17 22:49:21+00:00	1	0	RT @Lukas_Dreams: Special ‚Äúoperation‚Äù ‚ÄúZ‚Äù‚Ä¶The symbol of the Russian occupiers was not born from scratch. "Z" is the emblem of the 4th SS mo‚Ä¶	en	1
1504590742165020676	2022-03-17 22:49:21+00:00	408	0	RT @nexta_tv: #Lebanon is the first Arab country that supported #Ukraine in the fight against #Russian aggression. https://t.co/f6xi7Dile4	en	1
1504590741481222160	2022-03-17 22:49:21+00:00	120	0	RT @strategywoman: 10:25 pm in #Ukraine A good friend of mine shares it with me. Ukrainian family from Kharkiv who moved to a neighboring‚Ä¶	en	1
1504590738650275844	2022-03-17 22:49:20+00:00	408	0	RT @nexta_tv: #Lebanon is the first Arab country that supported #Ukraine in the fight against #Russian aggression. https://t.co/f6xi7Dile4	en	1
1504590738235047939	2022-03-17 22:49:20+00:00	0	0	Yes the choices are bleak: accept a return to the dark ages flee the country never to return or be martyred in a‚Ä¶ https://t.co/hLNwcHhDox	en	0
1504590737308061697	2022-03-17 22:49:20+00:00	4510	0	RT @dariofrance: Italy is ready to rebuild the Theatre of #Mariupol. The cabinet of Ministers has approved my proposal to offer #Ukraine th‚Ä¶	en	1
1504590737257680896	2022-03-17 22:49:20+00:00	302	0	RT @AdamKinzinger: The evil #Putin is bombing food (think about it‚Ä¶ FOOD) for one reason‚Ä¶ pain to compel surrender. They are using planes‚Ä¶	en	1
1504590735990878220	2022-03-17 22:49:20+00:00	2260	0	RT @olex_scherba: Meet German BASF Group one of Putin‚Äôs biggest investors. They stay in #Russia. They don‚Äôt care. 80 years ago they co-pro‚Ä¶	en	1
1504590734460170241	2022-03-17 22:49:19+00:00	1700	0	RT @nexta_tv: The Belarusian Volunteer Battalion named after Kastus Kalinovsky will come to help the Armed Forces of Ukraine in breaking th‚Ä¶	en	1
1504590734225076233	2022-03-17 22:49:19+00:00	302	0	RT @AdamKinzinger: The evil #Putin is bombing food (think about it‚Ä¶ FOOD) for one reason‚Ä¶ pain to compel surrender. They are using planes‚Ä¶	en	1
1504590733591859201	2022-03-17 22:49:19+00:00	0	0	#Putin and #Lavrov blatantly lies they are war criminals. There are no reasons to trust or for diplomacy with them‚Ä¶ https://t.co/9PaLoc7pOX	en	0
1504590733096984583	2022-03-17 22:49:19+00:00	4	0	RT @TimClarkeJr: The #SaintPatricksDay parade here in Ballina County Mayo Ireland paused as a band played the #Ukraine national anthem. A‚Ä¶	en	1
1504590732925018114	2022-03-17 22:49:19+00:00	248	0	RT @UAWeapons: #Ukraine: Locals somewhere in UA dealing with an abandoned BM-21 Grad pattern MRL. https://t.co/703ovV8t2V	en	1
1504590731482222593	2022-03-17 22:49:18+00:00	2963	0	RT @catalintenita: The toy bridge.  Romanian border police and citizens have turned the pedestrian bridge linking #Ukraine and Romania at‚Ä¶	en	1
1504590730924277768	2022-03-17 22:49:18+00:00	2	5	‚ÄòThese are the dark times but they don't sustain. Darkness never sustains even though sometimes it feels like it‚Ä¶ https://t.co/D9tfWqJip7	en	0
1504590729779326982	2022-03-17 22:49:18+00:00	31	0	RT @SmnWeekly: President Zelenskyy went to a Hospital in Kyiv today to visit Ukrainian civilians injured in the Russian attacks Shaking ha‚Ä¶	en	1
1504590728768507905	2022-03-17 22:49:18+00:00	0	0	@RepJoeCourtney Remember 9/11? Every day in #Ukraine is 9/11! Putin is bombing residential buildings hospitals ki‚Ä¶ https://t.co/6TZJp4kRm8	en	1
1504590728194068482	2022-03-17 22:49:18+00:00	135	0	RT @kiraincongress: #PayPal finally in #Ukraine!	en	1
1504590727791411201	2022-03-17 22:49:18+00:00	33	0	RT @quakes99: #Europe's largest #Uranium enrichment services provider has halted its shipments of depleted uranium from Gronau Germany to‚Ä¶	en	1
1504590726461636610	2022-03-17 22:49:17+00:00	4510	0	RT @dariofrance: Italy is ready to rebuild the Theatre of #Mariupol. The cabinet of Ministers has approved my proposal to offer #Ukraine th‚Ä¶	en	1
1504590725853372419	2022-03-17 22:49:17+00:00	408	0	RT @nexta_tv: #Lebanon is the first Arab country that supported #Ukraine in the fight against #Russian aggression. https://t.co/f6xi7Dile4	en	1
1504590724355878912	2022-03-17 22:49:17+00:00	21	0	RT @Tennesseine: How about we auction off all these Russian oligarchs‚Äô yachts and use the proceeds to send more aid to #Ukraine? #RussiaUkr‚Ä¶	en	1
1504590724112830468	2022-03-17 22:49:17+00:00	4510	0	RT @dariofrance: Italy is ready to rebuild the Theatre of #Mariupol. The cabinet of Ministers has approved my proposal to offer #Ukraine th‚Ä¶	en	1
1504590723714367492	2022-03-17 22:49:17+00:00	1700	0	RT @nexta_tv: The Belarusian Volunteer Battalion named after Kastus Kalinovsky will come to help the Armed Forces of Ukraine in breaking th‚Ä¶	en	1
1504590719297761286	2022-03-17 22:49:16+00:00	408	0	RT @nexta_tv: #Lebanon is the first Arab country that supported #Ukraine in the fight against #Russian aggression. https://t.co/f6xi7Dile4	en	1
1504590717229756417	2022-03-17 22:49:15+00:00	154	0	RT @I_Katchanovski: I research #RussianUkrainianWar as scholar &amp; specialize in researching wars massacres genocides &amp; other cases of poli‚Ä¶	en	1
1504590716055572484	2022-03-17 22:49:15+00:00	445	0	RT @olex_scherba: #Ukraine‚Äôs chief rabbi congratulates on the holiday of #Purim - with the song ‚ÄúMy #Kyiv you are impossible not to love!‚Äù‚Ä¶	en	1
1504590715371851781	2022-03-17 22:49:15+00:00	2	0	RT @petersavodnik: Conducting a hearing on the evils of fossil fuels while #Ukraine is engulfed by a war fueled by Western reliance on Russ‚Ä¶	en	1
1504590712905429000	2022-03-17 22:49:14+00:00	71	0	RT @True_Canuck1: Indigenous people don't have access to clean drinking water in this country CANADA but... you know...#Ukraine. üôÑ	en	1
1504590711647318019	2022-03-17 22:49:14+00:00	1	0	RT @RealCodyLang: What happens when you select the Russian language at a Ukrainian bank. üòÇ #Ukraine https://t.co/OJjMEYGXNp	en	1
1504590708899991558	2022-03-17 22:49:13+00:00	21	0	RT @gbazov: @LongJohnGold4 @BillDozzzzer Actually between 200-300k already evacuated to #Russia. As we can see from example of #Mariupol‚Ä¶	en	3
1504590708698722304	2022-03-17 22:49:13+00:00	0	0	#Ukraine @NATO @Bundeskanzler @EmmanuelMacron @BorisJohnson It is pathetic how the Russians can carry out mass murd‚Ä¶ https://t.co/MH7YRop1nB	en	4
1504590707767783425	2022-03-17 22:49:13+00:00	11	0	RT @raging545: VIDEO of destroyed Russian vehicles in Posad-Pokrovske in Kherson E. Ukraine #Ukraineunderattack #PutinIsaWarCriminal  #Ukra‚Ä¶	en	1
1504590707322990594	2022-03-17 22:49:13+00:00	769	0	RT @sommervilletv: WATCH: The defenders of Kharkiv our latest for @BBCNews @BBCWorld. @dcinfocus @StuHollandEsq Liuba and Serge. Full vide‚Ä¶	en	5
1504590707222360074	2022-03-17 22:49:13+00:00	0	0	#Ukraine: Reportedly the remains of a Kalbr cruise missile in #Merefa #Kharkiv region. https://t.co/uBFtQG8otW	en	0
1504590706966294548	2022-03-17 22:49:13+00:00	639	0	RT @UAWeapons: #Ukraine: In #Mykolaiv Oblast the Ukrainian Border Guards seized a (full) Russian Ammo Truck. https://t.co/QcbUZZFljn	en	1
1504590706673090563	2022-03-17 22:49:13+00:00	1	0	RT @NavidKianiL: Russia has never suffered as much as it does under @ZelenskyyUa's  leadership! #Ukraine #StandWithUkriane	en	2
1504590705792016384	2022-03-17 22:49:12+00:00	0	0	@KyivIndependent did you see @SenRickScott stopped Bidens nominee to head #Ukraine relief... sure did @GOP‚Ä¶ https://t.co/kNdAVDxPD1	en	3
1504590704529575940	2022-03-17 22:49:12+00:00	66	0	RT @halyapuff: Entire family and people queuing for bread killed by #Russia bombing #Chernihiv in #Ukraine  #StandWithUkraine #PutinWarCrim‚Ä¶	en	1
1504590704017915907	2022-03-17 22:49:12+00:00	498	0	RT @AnonOpsSE: Don't be surprised about @Nestle it's the same CEO that believes access to clean drinking water is not a human rights issue‚Ä¶	en	2
1504590702398869512	2022-03-17 22:49:12+00:00	50	0	RT @Militarylandnet: üì∑ Ukrainian 25th Airborne Brigade captured Russian BTR-82A and MT-LB #Ukraine #UkraineRussiaWar https://t.co/0XkUMHyKfm	en	1
1504590702348488708	2022-03-17 22:49:12+00:00	0	0	@chipfranklin Many are now saying what I have NOT acting not doing EVERYTHING to make sure #Ukraine wins will START‚Ä¶ https://t.co/IZBz6knP6I	en	1
1504590701018992643	2022-03-17 22:49:11+00:00	15	0	RT @JaroNad: Cooperation and unity with our #Allies  @MatejTonin üá∏üáÆüá∏üá∞ Thankful for the support of #Slovenia and our common effort to help #‚Ä¶	en	2
1504590698905014274	2022-03-17 22:49:11+00:00	181	0	RT @DrTedros: The life-saving medicine we need right now is peace. I urge the @UN Security Council to: 1Ô∏è‚É£ Work for an immediate ceasefire‚Ä¶	en	2
1504590695180300291	2022-03-17 22:49:10+00:00	0	0	Since his pupet #Trump is not in office #Russia wants to talk big when it can't even take on #Ukraine the people‚Ä¶ https://t.co/BuohTC7Fws	en	0
1504590693888671748	2022-03-17 22:49:10+00:00	1	1	Well said. #StopPutinNOW #StandWithUkraine #Ukraine #StopWar https://t.co/Wg2ZaGMITJ	en	0
1504590693246726148	2022-03-17 22:49:09+00:00	0	0	A Farmer in #Burundi who used to be a refugee is donating 100kg (220lb) of his maize crop to those fleeing violenc‚Ä¶ https://t.co/kyZ0P4Ei7G	en	0
1504590692768796679	2022-03-17 22:49:09+00:00	2963	0	RT @catalintenita: The toy bridge.  Romanian border police and citizens have turned the pedestrian bridge linking #Ukraine and Romania at‚Ä¶	en	1
1504590692206710788	2022-03-17 22:49:09+00:00	1359	0	RT @AnonOpsSE: Today it became well known that @Nestle refuses to leave the Russian market they will continue to pay taxes there thus sup‚Ä¶	en	2
1504590689203630086	2022-03-17 22:49:08+00:00	6	0	RT @EpochTimes: ‚ÄúI can confirm that an American citizen was killed. I don‚Äôt have any more details for you than that‚Äù @ABlinken said. A US‚Ä¶	en	2
1504590688616427530	2022-03-17 22:49:08+00:00	3	0	RT @LlopisMarta95: @nexta_tv The journalist: ‚ÄúVladimir Putin says that his objectives are military.‚Äù Mayor @Vitaliy_Klychko responds to th‚Ä¶	en	3
1504590687374827520	2022-03-17 22:49:08+00:00	6111	0	RT @DariaSipigina: Bridge at a #Ukrainian-Romanian border crossing.  Border guards left toys for Ukrainian children so that every child pa‚Ä¶	en	1
1504590687156817920	2022-03-17 22:49:08+00:00	1	1	The U.N. Security Council will no longer vote on Friday on a Russian-drafted call for aid access and civilian prote‚Ä¶ https://t.co/qXG83xxHUF	en	0
1504590685332246528	2022-03-17 22:49:07+00:00	0	0	When push comes to shove ....  #Ukraine #UkraineRussiaWar #UkraineWar #UkraineCrisis  https://t.co/MEkSrJRBRM	en	0
1504590683893604354	2022-03-17 22:49:07+00:00	4510	0	RT @dariofrance: Italy is ready to rebuild the Theatre of #Mariupol. The cabinet of Ministers has approved my proposal to offer #Ukraine th‚Ä¶	en	1
1504590683662917634	2022-03-17 22:49:07+00:00	6111	0	RT @DariaSipigina: Bridge at a #Ukrainian-Romanian border crossing.  Border guards left toys for Ukrainian children so that every child pa‚Ä¶	en	1
1504590682647719942	2022-03-17 22:49:07+00:00	1	0	RT @KseniiaS: Surprised (not) that both Germany and France haven‚Äôt yet provide any decent actions to #StopRussianAggression in #Ukraine	en	1
1504590682404450309	2022-03-17 22:49:07+00:00	11	0	RT @UA_EUMission: Address by President of #Ukraine @ZelenskyyUa to the Bundestag:  üìçüá∑üá∫ killed 108 children. In the middle of Europe in üá∫üá¶‚Ä¶	en	2
1504590681485897744	2022-03-17 22:49:07+00:00	302	0	RT @AdamKinzinger: The evil #Putin is bombing food (think about it‚Ä¶ FOOD) for one reason‚Ä¶ pain to compel surrender. They are using planes‚Ä¶	en	1
1504590681326641157	2022-03-17 22:49:07+00:00	0	0	@baddaddee #JoeBiden announced he has covid (he does not) said #KamalaHarris is the "first lady" called‚Ä¶ https://t.co/x2WYBQAl9R	en	1
1504590680047378435	2022-03-17 22:49:06+00:00	6111	0	RT @DariaSipigina: Bridge at a #Ukrainian-Romanian border crossing.  Border guards left toys for Ukrainian children so that every child pa‚Ä¶	en	1
1504590677933535232	2022-03-17 22:49:06+00:00	197	0	RT @halyapuff: #Russia responds to #International_Court order to stop bombing #Ukraine by destroying #Mariupol Theatre sheltering women and‚Ä¶	en	1
1504590677279223809	2022-03-17 22:49:06+00:00	769	0	RT @sommervilletv: WATCH: The defenders of Kharkiv our latest for @BBCNews @BBCWorld. @dcinfocus @StuHollandEsq Liuba and Serge. Full vide‚Ä¶	en	5
1504590677149196288	2022-03-17 22:49:06+00:00	6	0	RT @Malinka1102: #Ukraine #Zelensky  We lied we cheated  ... Peace deal is the same as with #MinskAgreement  https://t.co/36g9RHTkij	en	1
1504590676742266885	2022-03-17 22:49:05+00:00	56	0	RT @astroehlein: A trend we‚Äôre seeing in several EU countries: ordinary people &amp; volunteers are responding to #Ukraine refugees with humani‚Ä¶	en	1
1504590674653552640	2022-03-17 22:49:05+00:00	26	0	RT @theragex: üá∫üá¶#Ukraine | üá∑üá∫#Russia | day 22 Russian Missile launches from Kherson towards Nikolaev https://t.co/nUizgA6NaC	en	1
1504590674288648196	2022-03-17 22:49:05+00:00	181	0	RT @DrTedros: The life-saving medicine we need right now is peace. I urge the @UN Security Council to: 1Ô∏è‚É£ Work for an immediate ceasefire‚Ä¶	en	2
1504590673051328515	2022-03-17 22:49:05+00:00	18	0	RT @IndiaUNNewYork: #IndiainUNSC üì∫Watch: Permanent Representative @AmbTSTirumurti speak at the #UNSC Briefing on the situation in #Ukraine‚Ä¶	en	2
1504590672095059970	2022-03-17 22:49:04+00:00	445	0	RT @olex_scherba: #Ukraine‚Äôs chief rabbi congratulates on the holiday of #Purim - with the song ‚ÄúMy #Kyiv you are impossible not to love!‚Äù‚Ä¶	en	1
1504590671683936261	2022-03-17 22:49:04+00:00	4510	0	RT @dariofrance: Italy is ready to rebuild the Theatre of #Mariupol. The cabinet of Ministers has approved my proposal to offer #Ukraine th‚Ä¶	en	1
1504590670668967941	2022-03-17 22:49:04+00:00	769	0	RT @sommervilletv: WATCH: The defenders of Kharkiv our latest for @BBCNews @BBCWorld. @dcinfocus @StuHollandEsq Liuba and Serge. Full vide‚Ä¶	en	5
1504590669247135746	2022-03-17 22:49:04+00:00	0	0	#Sumy. #Ukraine. Russian terrorist aircraft scatter anti-personnel mines over the city. The Russian occupying terro‚Ä¶ https://t.co/9hVf9WwW6r	en	0
1504590668647526401	2022-03-17 22:49:04+00:00	13	0	RT @gbazov: #MARIUPOL‚ÄîInterviews Part #4‚Äî#Ukraine|ians evacuating to #Russia-controlled zones. INTERVIEW SUBBED IN ENGLISH. (thank you  @M‚Ä¶	en	1
1504590668357849089	2022-03-17 22:49:03+00:00	2260	0	RT @olex_scherba: Meet German BASF Group one of Putin‚Äôs biggest investors. They stay in #Russia. They don‚Äôt care. 80 years ago they co-pro‚Ä¶	en	1
1504590666738724868	2022-03-17 22:49:03+00:00	445	0	RT @olex_scherba: #Ukraine‚Äôs chief rabbi congratulates on the holiday of #Purim - with the song ‚ÄúMy #Kyiv you are impossible not to love!‚Äù‚Ä¶	en	1
1504590665598095360	2022-03-17 22:49:03+00:00	408	0	RT @nexta_tv: #Lebanon is the first Arab country that supported #Ukraine in the fight against #Russian aggression. https://t.co/f6xi7Dile4	en	1
1504590663870033922	2022-03-17 22:49:02+00:00	1	0	RT @BrianMDowning1: Obi stands proud #Ukraine #UkraineRussiaWar #UkraineWar https://t.co/ujvyiOef0f	en	1
1504590663043940357	2022-03-17 22:49:02+00:00	83	0	RT @Kon__K: Just so you all know the refugees from #Ukraine that @ScottMorrisonMP is bringing to safety in Australia are almost all being l‚Ä¶	en	2
1504590662720798721	2022-03-17 22:49:02+00:00	1	0	RT @ToppleMichael: @theboysbrigade Thanks for your helpful #Ukraine resources. 1st Stonehouse Juniors and Anchors had a good evening last n‚Ä¶	en	2
1504590661093191691	2022-03-17 22:49:02+00:00	303	0	RT @AdamKinzinger: The evil #Putin is bombing food (think about it‚Ä¶ FOOD) for one reason‚Ä¶ pain to compel surrender. They are using planes‚Ä¶	en	1
1504590660627800066	2022-03-17 22:49:02+00:00	110	0	RT @strategywoman: 11:39 pm in #Ukraine  My modest revelation today: Keeping a good spirits in any circumstances doesn‚Äôt change these circ‚Ä¶	en	1
1504590658492940288	2022-03-17 22:49:01+00:00	408	0	RT @nexta_tv: #Lebanon is the first Arab country that supported #Ukraine in the fight against #Russian aggression. https://t.co/f6xi7Dile4	en	1
1504590656261472256	2022-03-17 22:49:01+00:00	6111	0	RT @DariaSipigina: Bridge at a #Ukrainian-Romanian border crossing.  Border guards left toys for Ukrainian children so that every child pa‚Ä¶	en	1
1504590654802128896	2022-03-17 22:49:00+00:00	0	0	Typical Scott always too slow. #auspol #Ukraine  Australia‚Äôs plodding action against Putin‚Äôs oligarchs https://t.co/GNvpJiE93Z	en	0
1504590653086388228	2022-03-17 22:49:00+00:00	242	0	RT @YourAnonTV: MORE: Since declaring 'cyber war' on Kremlin's criminal regime #Anonymous has hacked over 2500 websites of Russian &amp; Belar‚Ä¶	en	1
1504590652662820869	2022-03-17 22:49:00+00:00	6111	0	RT @DariaSipigina: Bridge at a #Ukrainian-Romanian border crossing.  Border guards left toys for Ukrainian children so that every child pa‚Ä¶	en	1
1504590650448257041	2022-03-17 22:48:59+00:00	0	0	@ArmedPatriot45 #JoeBiden announced he has covid (he does not) said #KamalaHarris is the "first lady" called‚Ä¶ https://t.co/TkxcadDU4F	en	1
1504590649970020352	2022-03-17 22:48:59+00:00	408	0	RT @nexta_tv: #Lebanon is the first Arab country that supported #Ukraine in the fight against #Russian aggression. https://t.co/f6xi7Dile4	en	1
1504590648229441542	2022-03-17 22:48:59+00:00	39	0	RT @nialloloughlin: Last year I painted my windows with St Patrick kicking Covid out of Ireland. This years he's traveled to the Ukraine to‚Ä¶	en	1
1504590645540712449	2022-03-17 22:48:58+00:00	0	1	@HomeDepot Dear Home Depot we noticed that you carry Georgia Pacific products which is owned by Koch Industries. K‚Ä¶ https://t.co/Rqan6nLYvt	en	1
1504590644437823489	2022-03-17 22:48:58+00:00	4510	0	RT @dariofrance: Italy is ready to rebuild the Theatre of #Mariupol. The cabinet of Ministers has approved my proposal to offer #Ukraine th‚Ä¶	en	1
1504590642038689798	2022-03-17 22:48:57+00:00	408	0	RT @nexta_tv: #Lebanon is the first Arab country that supported #Ukraine in the fight against #Russian aggression. https://t.co/f6xi7Dile4	en	1
1504590640545296386	2022-03-17 22:48:57+00:00	200	0	RT @TonyHussein4: Don Jr. was mocked for saying his father should join Nato talks about the war in #Ukraine.  A better idea would to send‚Ä¶	en	1
1504590639564046337	2022-03-17 22:48:57+00:00	304	0	RT @AdamKinzinger: The evil #Putin is bombing food (think about it‚Ä¶ FOOD) for one reason‚Ä¶ pain to compel surrender. They are using planes‚Ä¶	en	1
1504590638301343766	2022-03-17 22:48:56+00:00	13	0	RT @VABVOX: #NEW  US Intel puts the death toll of Russian soldiers in #Ukraine at a staggering 7000 in just 3wks of fighting with another‚Ä¶	en	1
1504590638217674752	2022-03-17 22:48:56+00:00	2	0	RT @slaven_vujic: The longest journey that a family from #Ukraine had in my shift was a 1718 km long journey from Kharkiv to their host fam‚Ä¶	en	1
1504590635524931585	2022-03-17 22:48:56+00:00	0	0	#Russia and #Ukraine are fighting but it‚Äôs #America that‚Äôs reporting the number of #Russian soldiers killed. Yet t‚Ä¶ https://t.co/0nqYyRj2rl	en	0
1504590632777625604	2022-03-17 22:48:55+00:00	0	0	HMCS Halifax to deploy Saturday as part of NATO support for #Ukraine https://t.co/2wdyND7U5d	en	0
1504590629799661573	2022-03-17 22:48:54+00:00	4510	0	RT @dariofrance: Italy is ready to rebuild the Theatre of #Mariupol. The cabinet of Ministers has approved my proposal to offer #Ukraine th‚Ä¶	en	1
1504590629455675393	2022-03-17 22:48:54+00:00	0	0	The Russian war on Ukraine has been years in the making. Russia have been spreading propoganda about Ukraine for ye‚Ä¶ https://t.co/PIdhNam9QO	en	0
1504590629384466437	2022-03-17 22:48:54+00:00	6111	0	RT @DariaSipigina: Bridge at a #Ukrainian-Romanian border crossing.  Border guards left toys for Ukrainian children so that every child pa‚Ä¶	en	1
1504590628906315778	2022-03-17 22:48:54+00:00	631	0	RT @IntlCrimCourt: üì¢ Prosecutor #KarimAAKhanQC was in #Ukraine earlier today. In meeting w/ Prosecutor General Iryna Venediktova discussio‚Ä¶	en	1
1504590628767862785	2022-03-17 22:48:54+00:00	1204	0	RT @InnaSovsun: "Maybe #Ukraine should agree to the neutral status in exchange for #russian troops withdrawal?" I get this question a lot.‚Ä¶	en	1
1504590627824181248	2022-03-17 22:48:54+00:00	183	0	RT @gbazov: #SouthKorea|n mercenary in #Ukraine pleads for help to leave the country. After being terrified by the fighting in #Kiev where‚Ä¶	en	1
1504590625731190784	2022-03-17 22:48:53+00:00	4510	0	RT @dariofrance: Italy is ready to rebuild the Theatre of #Mariupol. The cabinet of Ministers has approved my proposal to offer #Ukraine th‚Ä¶	en	1
1504590624296738819	2022-03-17 22:48:53+00:00	5501	0	RT @dfatirl: ‚ÄúAr sc√°th a ch√©ile a mhaireann na daoine‚Äù ‚ÄúWe live in each other‚Äôs shelter‚Äù  On this #StPatricksDay #Ireland üáÆüá™ stands in s‚Ä¶	en	1
1504590624078577664	2022-03-17 22:48:53+00:00	97	0	RT @dogbus999: They're safely over the border into #Romania where they will receive vet treatment &amp; get them ready to come home to the #UK‚Ä¶	en	1
1504590623466471424	2022-03-17 22:48:53+00:00	18	0	RT @ThomasVLinge: #Ukraine üá∫üá¶: Russian invasion forces have occupied the town of Rubizhne in the #Luhansk oblast raising the flag of the #‚Ä¶	en	1
1504590619968159751	2022-03-17 22:48:52+00:00	27	0	RT @AFPphoto: #Ukraine  A 40 year-old Ukranian soldier embraces his wife in front of his military basement in the center of Odessa. üì∏ @Kili‚Ä¶	en	1
1504590617418125314	2022-03-17 22:48:51+00:00	0	0	#russian forces leader in #Donetsk (?)complains that #Kadyrov terror troops are essentially not soldiers but 2nd ec‚Ä¶ https://t.co/WTRcAnmtER	en	0
1504590614784098311	2022-03-17 22:48:51+00:00	0	0	@Minmcae #JoeBiden announced he has covid (he does not) said #KamalaHarris is the "first lady" called #DougEmhoff‚Ä¶ https://t.co/LZpy2D8Hl6	en	1
1504590613144035333	2022-03-17 22:48:50+00:00	1359	0	RT @AnonOpsSE: Today it became well known that @Nestle refuses to leave the Russian market they will continue to pay taxes there thus sup‚Ä¶	en	2
1504590609314684946	2022-03-17 22:48:49+00:00	6111	0	RT @DariaSipigina: Bridge at a #Ukrainian-Romanian border crossing.  Border guards left toys for Ukrainian children so that every child pa‚Ä¶	en	1
1504590608199004174	2022-03-17 22:48:49+00:00	109	0	RT @GlasnostGone: This is happening in #Europe. This is happening now.  This is Russia's bloody slaughter of men women children and bab‚Ä¶	en	1
1504590607293071364	2022-03-17 22:48:49+00:00	174	0	RT @UAWeapons: #Ukraine: A Russian BMD-2 was seriously damaged during the Ukrainian forces counterattack in #Kyiv outskirts today. https://‚Ä¶	en	1
1504590607293030412	2022-03-17 22:48:49+00:00	0	0	@Meta #MarkZuckerberg #Ukraine #Ukrainenazi ü§¨ It turns out that the psychopaths in Ukraine are not only the Nazis o‚Ä¶ https://t.co/bm8fPbnTJx	en	1
1504590605984358400	2022-03-17 22:48:49+00:00	769	0	RT @sommervilletv: WATCH: The defenders of Kharkiv our latest for @BBCNews @BBCWorld. @dcinfocus @StuHollandEsq Liuba and Serge. Full vide‚Ä¶	en	5
1504590602863792130	2022-03-17 22:48:48+00:00	0	0	What do you say? The colours are the official #EUüá™üá∫ ones. #Ukraineüá∫üá¶üåª I do love drawing This I though did with iP‚Ä¶ https://t.co/gFLZbcrsnT	en	0
1504590601693458491	2022-03-17 22:48:48+00:00	639	0	RT @UAWeapons: #Ukraine: In #Mykolaiv Oblast the Ukrainian Border Guards seized a (full) Russian Ammo Truck. https://t.co/QcbUZZFljn	en	1
1504590601102274561	2022-03-17 22:48:47+00:00	109	0	RT @MihirunS: Anti-war protests are growing tonight in St. Petersburg #Russia  #UkraineWar #Ukraine #UkraineRussianWar #UkraineUnderAttack‚Ä¶	en	1
1504590599227416580	2022-03-17 22:48:47+00:00	47	0	RT @SmartB0ss: Tue Mar 8 2022¬†#Earth-observation #satellites of #US.co Planet captured a flood near #Ukraine's capital #Kyivwhich is belie‚Ä¶	en	1
1504590597985906691	2022-03-17 22:48:47+00:00	1204	0	RT @InnaSovsun: "Maybe #Ukraine should agree to the neutral status in exchange for #russian troops withdrawal?" I get this question a lot.‚Ä¶	en	1
1504590597851475977	2022-03-17 22:48:47+00:00	0	0	Ukraine is a deeply hateful country: When they‚Äôre not ethnically cleansing Russians they‚Äôre attacking Indian stud‚Ä¶ https://t.co/BScx9DNvct	en	0
1504590596698259461	2022-03-17 22:48:46+00:00	769	0	RT @sommervilletv: WATCH: The defenders of Kharkiv our latest for @BBCNews @BBCWorld. @dcinfocus @StuHollandEsq Liuba and Serge. Full vide‚Ä¶	en	5
1504590594718511105	2022-03-17 22:48:46+00:00	1	1	A video from #Ukraine. The caption reads "To understand whether Putin is expected in Ukraine just look at how Ukr‚Ä¶ https://t.co/09UFXwsWU7	en	0
1504590594689150981	2022-03-17 22:48:46+00:00	304	0	RT @AdamKinzinger: The evil #Putin is bombing food (think about it‚Ä¶ FOOD) for one reason‚Ä¶ pain to compel surrender. They are using planes‚Ä¶	en	1
1504590590994001928	2022-03-17 22:48:45+00:00	408	0	RT @nexta_tv: #Lebanon is the first Arab country that supported #Ukraine in the fight against #Russian aggression. https://t.co/f6xi7Dile4	en	1
1504590588527656968	2022-03-17 22:48:44+00:00	96	0	RT @Militarylandnet: üì∑ Ukrainian forces ambushed a Russian convoy near Pryluky #Chernihiv Region. #Ukraine #UkraineRussiaWar https://t.co/‚Ä¶	en	1
1504590588452159489	2022-03-17 22:48:44+00:00	4511	0	RT @dariofrance: Italy is ready to rebuild the Theatre of #Mariupol. The cabinet of Ministers has approved my proposal to offer #Ukraine th‚Ä¶	en	1
1504590587902799872	2022-03-17 22:48:44+00:00	65	0	RT @NTenzer: Deeply moving: this huge hedge of honor paying the last tributes to a dead soldier. The primary difference between Putin's reg‚Ä¶	en	1
1504590587701260290	2022-03-17 22:48:44+00:00	4511	0	RT @dariofrance: Italy is ready to rebuild the Theatre of #Mariupol. The cabinet of Ministers has approved my proposal to offer #Ukraine th‚Ä¶	en	1
1504590586841546761	2022-03-17 22:48:44+00:00	0	0	Kindness has no borders #Romania #Ukraine #SlavaUkraini https://t.co/DdYUsfD1nd	en	0
1504590586485088257	2022-03-17 22:48:44+00:00	0	0	And I can perfectly see that the #US state dept #ChickenHawks did want a war with #Russia they denied them entry i‚Ä¶ https://t.co/rA5GCIsrFV	en	0
1504590582651490307	2022-03-17 22:48:43+00:00	54	0	RT @GlasnostGone: Goodnight #Ukraine. Stay safe one and all. https://t.co/klSJNQ6lFw	en	1
1504590582630563845	2022-03-17 22:48:43+00:00	46409	0	RT @kiraincongress: I learn to use #Kalashnikov and prepare to bear arms. It sounds surreal as just a few days ago it would never come to m‚Ä¶	en	1
1504590582353694721	2022-03-17 22:48:43+00:00	70	0	RT @TheLastRefuge2: 1) Serious question about #Ukraine.  Keep in mind this ‚Äúwar‚Äù is taking place inside a nation with widespread open inter‚Ä¶	en	1
1504590579702841347	2022-03-17 22:48:42+00:00	331	0	RT @LeahHardingAJE: #Biafra + #Palestine crying out for help too. #Ukraine  (the original is on the right) https://t.co/kSW25ldlPP	en	1
1504590578432225280	2022-03-17 22:48:42+00:00	79	0	RT @Militarylandnet: üìΩÔ∏èFeb 26 Ukrainian Su-25 jets engaging Russian forces in #Kherson region. At least one Ukrainian jet was lost. #Ukrai‚Ä¶	en	1
1504590577412755464	2022-03-17 22:48:42+00:00	250	0	RT @CaptDrimmie: Interesting how many refugees from #Ukraine appear to be er not actually Ukrainian‚Ä¶	en	1
1504590576879955990	2022-03-17 22:48:42+00:00	1	0	RT @mother_s_flower: @RepEdCase Remember 9/11? Every day in #Ukraine is 9/11! Putin is bombing residential buildings hospitals kindergart‚Ä¶	en	2
1504590576469135362	2022-03-17 22:48:42+00:00	0	0	@BowerDA222 #JoeBiden announced he has covid (he does not) said #KamalaHarris is the "first lady" called‚Ä¶ https://t.co/w1csvmBYsi	en	1
1504590572417392647	2022-03-17 22:48:41+00:00	408	0	RT @nexta_tv: #Lebanon is the first Arab country that supported #Ukraine in the fight against #Russian aggression. https://t.co/f6xi7Dile4	en	1
1504590571289169920	2022-03-17 22:48:40+00:00	29	0	RT @war_noir: #Russia #Ukraine üá∑üá∫üá∫üá¶: #DPR/#DNR Forces have released photos of recently captured materials from #Ukrainian Forces in #Marink‚Ä¶	en	1
1504590570529902593	2022-03-17 22:48:40+00:00	1600	0	RT @nexta_tv: President of #Ukraine Volodymyr Zelenskyy awarded the Mayor of #Melitopol Ivan Fedorov who was released from captivity wit‚Ä¶	en	1
1504590569917628419	2022-03-17 22:48:40+00:00	36	0	RT @realSimonaMP: The film ‚ÄúUkraine the everlasting present 30 years of independence‚Äù by @lopatonok where I am the lead interviewer has b‚Ä¶	en	2
1504590569393242114	2022-03-17 22:48:40+00:00	408	0	RT @nexta_tv: #Lebanon is the first Arab country that supported #Ukraine in the fight against #Russian aggression. https://t.co/f6xi7Dile4	en	1
1504590567946264584	2022-03-17 22:48:39+00:00	248	0	RT @UAWeapons: #Ukraine: Locals somewhere in UA dealing with an abandoned BM-21 Grad pattern MRL. https://t.co/703ovV8t2V	en	1
1504590566985768968	2022-03-17 22:48:39+00:00	0	0	So what about the #Treaty #Xi signed w/ #Kiev in 2013? "Once..situations emerge..that threaten the #peace‚Ä¶ https://t.co/uWVzMdUSxm	en	0
1504590566155333632	2022-03-17 22:48:39+00:00	1	0	RT @TomthunkitsMind: In Russia one of the top Kremlin propagandists Solovyov says during his talk show: ‚ÄúWith the sanctions like these wh‚Ä¶	en	1
1504590565123502083	2022-03-17 22:48:39+00:00	1	0	RT @joudimaher: Russia's delegate to the United Nations: America is fueling the conflict and pouring oil on the fire.  #Ukraine #russianUkr‚Ä¶	en	1
1504590564343304193	2022-03-17 22:48:39+00:00	9	0	RT @IntelNessa: NEW: The hacking group Anonymous launched over 2500 cyberattacks on Russian government websites. #Ukraine #Russia #Anonymo‚Ä¶	en	1
1504590564305641474	2022-03-17 22:48:39+00:00	304	0	RT @AdamKinzinger: The evil #Putin is bombing food (think about it‚Ä¶ FOOD) for one reason‚Ä¶ pain to compel surrender. They are using planes‚Ä¶	en	1
1504590563970105356	2022-03-17 22:48:39+00:00	4511	0	RT @dariofrance: Italy is ready to rebuild the Theatre of #Mariupol. The cabinet of Ministers has approved my proposal to offer #Ukraine th‚Ä¶	en	1
1504590562971860992	2022-03-17 22:48:38+00:00	2	0	RT @a_swainson: The Ukrainian Dove prints are arriving. These copies were framed by @bayframing in Morecambe... they even framed the sticke‚Ä¶	en	2
1504590562699194371	2022-03-17 22:48:38+00:00	3809	0	RT @MrKovalenko: The #Ukraine #firefighters are also heroes at this war. In this video you can see too tired capital #Kyiv firefighters aft‚Ä¶	en	1
1504590560761458688	2022-03-17 22:48:38+00:00	7	0	RT @MayadeenEnglish: #Russia's special operation in #Ukraine and #Europe's quickly increasing refugee crisis has overshadowed other humanit‚Ä¶	en	1
1504590559750418451	2022-03-17 22:48:38+00:00	0	0	More news #Ukraine is winning this war #UkraineWar you got it russia will run out of everything shortly https://t.co/e9EGNYExYC	en	0
1504590558584614919	2022-03-17 22:48:37+00:00	0	0	Israeli aggression would be impossible without the constant lavish support &amp; protection of #America which is anyth‚Ä¶ https://t.co/A7iqxIK58o	en	0
1504590557141680128	2022-03-17 22:48:37+00:00	11070	0	RT @KadriSimson: The electricity grids of #Ukraine &amp; #Moldova have been successfully synchronised with the Continental European Grid. This‚Ä¶	en	1
1504590556210634757	2022-03-17 22:48:37+00:00	0	0	@Harri_Est @ArreDemo_ @aldin_ww @Smart_Sapper12B Russia didn't send in troops. They sent in peacekeepers. The Ukrai‚Ä¶ https://t.co/KUIUonv91P	en	4
1504590555912704000	2022-03-17 22:48:37+00:00	110	0	RT @strategywoman: 11:39 pm in #Ukraine  My modest revelation today: Keeping a good spirits in any circumstances doesn‚Äôt change these circ‚Ä¶	en	1
1504590554767806468	2022-03-17 22:48:36+00:00	19	0	RT @saint_rebel: #Ukrainian Tiktoker: ‚ÄúI spent my childhood here thanks #Russia!‚Äù #UkraineRussiaWar #Ukraine #UkraineWar #UkraineUnderAt‚Ä¶	en	1
1504590554113490944	2022-03-17 22:48:36+00:00	1041	0	RT @nexta_tv: The captive occupier was speechless after he was shown the consequences of the ‚ÄúRussian world‚Äù in #Ukraine. https://t.co/AT2x‚Ä¶	en	1
1504590553341693959	2022-03-17 22:48:36+00:00	4511	0	RT @dariofrance: Italy is ready to rebuild the Theatre of #Mariupol. The cabinet of Ministers has approved my proposal to offer #Ukraine th‚Ä¶	en	1
1504590551533957124	2022-03-17 22:48:36+00:00	639	0	RT @UAWeapons: #Ukraine: In #Mykolaiv Oblast the Ukrainian Border Guards seized a (full) Russian Ammo Truck. https://t.co/QcbUZZFljn	en	1
1504590551139688453	2022-03-17 22:48:35+00:00	3	0	RT @With__Ukraine: 1. #Ukraine is creating a National Information Bureau that will collect data on #Ukrainian prisoners of war the killed‚Ä¶	en	1
1504590550791512067	2022-03-17 22:48:35+00:00	2403	0	RT @nexta_tv: Because of the war in #Ukraine the American biopharmaceutical company #AbbVie has suspended the supply of #Botox and #filler‚Ä¶	en	1
1504590543614930946	2022-03-17 22:48:34+00:00	4511	0	RT @dariofrance: Italy is ready to rebuild the Theatre of #Mariupol. The cabinet of Ministers has approved my proposal to offer #Ukraine th‚Ä¶	en	1
1504590541064921093	2022-03-17 22:48:33+00:00	9	0	RT @UkraineNewsUK: Volodymir @ZelenskyyUa  was nominated for the Nobel Peace Prize. Well deserved!  #Ukraine #UkraineRussiaWar #UkraineUnd‚Ä¶	en	2
1504590540540727304	2022-03-17 22:48:33+00:00	2	0	RT @OlgaGrigory: A friend in #Moscow said his friend in Southern Russia got a notice to show up at a military mobilization point for traini‚Ä¶	en	1
1504590539777265667	2022-03-17 22:48:33+00:00	0	0	@_trump1_ #JoeBiden announced he has covid (he does not) said #KamalaHarris is the "first lady" called‚Ä¶ https://t.co/zchBtgNqNV	en	1
1504590539613782020	2022-03-17 22:48:33+00:00	15	0	RT @WarintheFuture: The latest product from @DefenceHQ showing the situation in #Ukraine. It is a useful official summary of the military s‚Ä¶	en	2
1504590539408257024	2022-03-17 22:48:33+00:00	0	2	Chile's President Gabriel Boric has called on the International Community to show solidarity with #Palestine as‚Ä¶ https://t.co/9bpM7vo93u	en	0
1504590538468646912	2022-03-17 22:48:32+00:00	43	0	RT @EmineDzheppar: Ukrainian soldier performs National Anthem of #Ukraine on violin after a battle with #Russian occupants. Our warriors ha‚Ä¶	en	1
1504590534307770391	2022-03-17 22:48:31+00:00	0	0	Russian soldiers show off on camera how they loot a private home. The Russian army is an army of marauders robbers‚Ä¶ https://t.co/iyRQE1AMic	en	0
1504590532810620935	2022-03-17 22:48:31+00:00	159	0	RT @euobs: Russia "poses an open menace to security in Europe" @COE said after its assembly voted to expel the country from the human righ‚Ä¶	en	2
1504590531539750914	2022-03-17 22:48:31+00:00	8	0	RT @ThomasVLinge: #Ukraine üá∫üá¶: besieged #Mariupol is in a desperate situation and the Russian invasion force is throwing everything it has‚Ä¶	en	1
1504590530457522186	2022-03-17 22:48:31+00:00	27	0	RT @Militarylandnet: üì∑Iveco Lynx and Gaz Tigr-M vehicles of Russian Special Forces seen today arriving to #Mariupol. #Ukraine #UkraineRussi‚Ä¶	en	1
1504590526124904452	2022-03-17 22:48:30+00:00	331	0	RT @LeahHardingAJE: #Biafra + #Palestine crying out for help too. #Ukraine  (the original is on the right) https://t.co/kSW25ldlPP	en	1
1504590525437038598	2022-03-17 22:48:29+00:00	1464	0	RT @olex_scherba: Her name is Sasha Filipchuk. Her family‚Äôs car was hit by #Russians when they were fleeing Hostomel. üá∑üá∫were shooting every‚Ä¶	en	1
1504590524581179406	2022-03-17 22:48:29+00:00	3809	0	RT @MrKovalenko: The #Ukraine #firefighters are also heroes at this war. In this video you can see too tired capital #Kyiv firefighters aft‚Ä¶	en	1
1504590524040290309	2022-03-17 22:48:29+00:00	6111	0	RT @DariaSipigina: Bridge at a #Ukrainian-Romanian border crossing.  Border guards left toys for Ukrainian children so that every child pa‚Ä¶	en	1
1504590523176308738	2022-03-17 22:48:29+00:00	402	0	RT @UAWeapons: #Ukraine: Ukrainian forces ambushed a Russian column destroying a likely MT-LB/BMP and transport truck and capturing anoth‚Ä¶	en	1
1504590523159486468	2022-03-17 22:48:29+00:00	109	0	RT @gbazov: #FLASH‚Äî#AsExpected‚Äî#INSIDER REPORT from #Ukraine|ian Presidential Administration: @ZelenskyyUa's position in negotiations with‚Ä¶	en	2
1504590523151142920	2022-03-17 22:48:29+00:00	0	0	THAT VIEW ‚úÖüëçüèª #earth #earthday #adventure #nature #Peace #PeaceNotWar #Ukraine #UkraineRussiaWar #NewsGang #news‚Ä¶ https://t.co/uv8RinUQvp	en	0
1504590522802794513	2022-03-17 22:48:29+00:00	1041	0	RT @nexta_tv: The captive occupier was speechless after he was shown the consequences of the ‚ÄúRussian world‚Äù in #Ukraine. https://t.co/AT2x‚Ä¶	en	1
1504590522706546700	2022-03-17 22:48:29+00:00	472	0	RT @lesiavasylenko: #Russia threatens world with biological warfare. Russian embassies send out letters alleging #Germany and #USA are test‚Ä¶	en	1
1504590522056380426	2022-03-17 22:48:29+00:00	416	0	RT @JosepBorrellF: Russia‚Äôs war against #Ukraine and it‚Äôs people is lasting now for 3 full weeks. 21 days of Russia bombing Ukraine‚Äôs citi‚Ä¶	en	1
1504590521813110785	2022-03-17 22:48:28+00:00	4	0	RT @UKRAINE__WAR: ‚ö°‚ö°üëáüö®#nestle won‚Äôt exit #russia üá∑üá∫ so please stop buying their products!! #ukraine  . Retweet to expose theüôè . #UkraineWar‚Ä¶	en	1
1504590520672260096	2022-03-17 22:48:28+00:00	12	0	RT @EstoniaUN: Strong support to @CanadaUN edits.  The Russian aggression caused and is driving the humanitarian crisis in Ukraine. We dem‚Ä¶	en	2
1504590520575836163	2022-03-17 22:48:28+00:00	1204	0	RT @InnaSovsun: "Maybe #Ukraine should agree to the neutral status in exchange for #russian troops withdrawal?" I get this question a lot.‚Ä¶	en	1
1504590519732781056	2022-03-17 22:48:28+00:00	13	0	RT @KateWilliamsme: All power to brave Bolshoi prima ballerina Olga Smirnova for speaking out about #Ukraine ‚Äòwe cannot remain indifferent‚Äô‚Ä¶	en	1
1504590519556616194	2022-03-17 22:48:28+00:00	6112	0	RT @DariaSipigina: Bridge at a #Ukrainian-Romanian border crossing.  Border guards left toys for Ukrainian children so that every child pa‚Ä¶	en	1
1504590519351009285	2022-03-17 22:48:28+00:00	195	0	RT @SpedoxAnomymous: #Anonymous is NOT against the Russian civilization!! We are against Putin and we stand with the people. We help Ukrain‚Ä¶	en	1
1504590516096102426	2022-03-17 22:48:27+00:00	1110	0	RT @NATOpress: We face a new reality for our security due to #Russia‚Äôs illegal invasion of #Ukraine. In response #NATO has reinforced its‚Ä¶	en	1
1504590515983077380	2022-03-17 22:48:27+00:00	1204	0	RT @InnaSovsun: "Maybe #Ukraine should agree to the neutral status in exchange for #russian troops withdrawal?" I get this question a lot.‚Ä¶	en	1
1504590515597103105	2022-03-17 22:48:27+00:00	97	0	RT @AFPphoto: #Ukraine - An aerial view shows firemen working in the rubble of a residential building which was hit by the debris from a do‚Ä¶	en	1
1504590514603147270	2022-03-17 22:48:27+00:00	78	0	RT @rtenews: On the day Irish heritage is celebrated all over the world many of those who turned out showed solidarity with the people of‚Ä¶	en	1
1504590514162745355	2022-03-17 22:48:27+00:00	0	1	The take away from this man's long detailed thread on US military aid to #Ukraine is just how closely and how long‚Ä¶ https://t.co/dCcik92RGv	en	0
1504590513265160192	2022-03-17 22:48:26+00:00	305	0	RT @AdamKinzinger: The evil #Putin is bombing food (think about it‚Ä¶ FOOD) for one reason‚Ä¶ pain to compel surrender. They are using planes‚Ä¶	en	1
1504590512602460166	2022-03-17 22:48:26+00:00	10832	0	RT @HannaLiubakova: In #Ukraine Belarusians have created a separate battalion named after Kastus Kalinouski to defend Kyiv. According to t‚Ä¶	en	1
1504590512086347798	2022-03-17 22:48:26+00:00	408	0	RT @nexta_tv: #Lebanon is the first Arab country that supported #Ukraine in the fight against #Russian aggression. https://t.co/f6xi7Dile4	en	1
1504590510635290630	2022-03-17 22:48:26+00:00	242	0	RT @YourAnonTV: MORE: Since declaring 'cyber war' on Kremlin's criminal regime #Anonymous has hacked over 2500 websites of Russian &amp; Belar‚Ä¶	en	1
1504590510492512279	2022-03-17 22:48:26+00:00	210	0	RT @MrKovalenko: "See your Russian World? What can you say?" - "I don't know what to say" replied a shocked young Russian conscript after‚Ä¶	en	1
1504590510278602752	2022-03-17 22:48:26+00:00	37	0	RT @shossy2: They're all doing it! Marsha Blackburn Ronna ROMNEY McDaniel &amp; a few others. All among the 31 who voted against aid to #Ukrai‚Ä¶	en	1
1504590509280538632	2022-03-17 22:48:26+00:00	1	0	RT @TopRockNews: Cool....  We Stand With #Ukraine #annonymous #putinfuckyou	en	1
